smiles,pKa
S(=O)(=O)(O)C1(=CC=C([N+](=O)[O-])C=C1),-7.15
S(=O)(=O)(O)C1(=CC([N+](=O)[O-])=CC=C1),-7.1
S(=O)(=O)(O)C1(=CC(=CC=C1)C(F)(F)F),-6.93
[Br]C1(=CC=C(S(=O)(=O)O)C=C1),-6.72
SC1(=[N+](C=CC=2(C1=CC=CC=2))C),-2.13
OC1(=C(C#N)C=[NH+]C=2(C1=CC=CC=2)),-2.08
OC1(=[NH+]N=CC=2(C1=CC=CC=2)),-2
OC1(=[NH+]N=CC=C1),-1.8
O([N+]1(=C(O)C=CC=C1))CC2(=CC=CC=C2),-1.7
O=[N+]([O-])C1(=CC=[N+](O)C=C1),-1.7
O[N+]=1(C=3(C([N+]([O-])=C2(C=1C=CC=C2))=CC=CC=3)),-1.62
SC2(=[NH+]C=1(C(=CC=CC=1)C=C2)),-1.44
SC1(=[N+](C=CC=C1)C),-1.42
O([N+]1(=C(O)C=CC=C1))C,-1.3
SC1(=[NH+]C=CC=C1),-1.22
O3(C(N2(C1(=NC(=[NH+]C(=C1N=C2)O)N)))CC(C3CO)O),-0.97
O=C2(N(C1(=C(C=CC=C1)C=C2))C),-0.71
O[N+]1(=C(C=C(C#N)C=C1)C),-0.67
O[N+]1(=C(C=C(C#N)C=C1C)C),-0.61
O2(CCN(C1(=NC(=NC(=C1)N)N))CC2),-0.35
OC=1(C=2(C([NH+]=NC=1)=CC=CC=2)),-0.35
O=C(OCC)C1(=CC(=[N+](O)C(=C1)C)C),-0.13
OC1(=[N+](C=CN=C1)C),-0.04
O=C(O)C1(=CC(=[N+](O)C(=C1)C)C),-0.01
O=C(OCCCC)C1(=C[N+](O)=CC=C1),0.03
OC=1([NH+]=NC2(=CC=CC=C2(C=1))),0.21
FC(F)(F)C(=O)O,0.23
OC1(=[NH+]C([O-])=[N+](C)C2(=C1N(C=N2)C)),0.3
OC=1(C=3(C([NH+]=C2(C=1C=CC=C2))=CC=CC=3)),0.32
OC1(=[N+](C=CC=C1)C),0.32
O=C2(C(=O)C(C1(=CC=CC=C1))C2=O),0.37
[O+]1(=C(C=C(O)C=C1C)C),0.38
O=C(O)C1(=[NH+]C=2(C=CC=CC=2(N1))),0.4
OC2(=[NH+]C=1(C(=CC=CC=1)N=C2C)),0.48
S=C(O)NCCCC,0.67
FC1(=CC(=CC=C1)CN2(C=C(C(=O)N)C(C#N)C=C2)),0.68
OC1(=[NH+]C(=CN=C1C2(=CC=CC=C2))C),0.7
O[N+]1(=CC=CC=C1),0.77
SC=1(C=2(C([NH+]=CC=1)=CC=CC=2)),0.77
O=C1(N(C(C(=O)O)=CC(N1C)=O)C),0.8
S(C1(=[N+](C(O)=CC=N1)C))CC,0.9
O=C(O)C1(=[NH+]C(=CC=C1)C),0.9
S=C(O)NCC,0.92
O[N+]1(=C([NH+]=C2(N=CNC2(=C1N)))N),1
O[N+]2(=CC=C(C=CC1(=CC=C([NH+](C)C)C=C1))C=C2),1.05
OC1(=CN=[NH+]C=C1),1.07
O=C(O)C1(=C([NH+]=NC(=C1)C2(=CC=CC=C2))NCC[NH+]3(CCOCC3)),1.1
O[N+]=1(C=3(C(N=C2(C=1C=CC=C2))=CC=CC=3)),1.12
O=C2(C1(=C(O)[NH+]=CN=C1C(=O)C3(=C2N=C(C)N3C))),1.15
OC1(=[NH+]C(O)=CC(=[NH+]1)C),1.2
S(=O)(O)C1(=CC([N+](=O)[O-])=CC=C1),1.21
O=C(O)C(=O)C1(=CC=CC=C1),1.22
O=C(O)C1(=[NH+]C=CC=C1),1.25
O=C(O)C=O,1.26
O[N+]1(=CC=C(C)C=C1),1.29
O=C(O)CC([NH3+])C1(=[NH+]C=CC=C1),1.3
OC=1([NH+]=CC2(=CC=CC=C2(N=1))),1.3
O=C(O)C1(=[NH+]C=CC=C1N),1.33
O=C1(OC(=O)C(C(=O)C)C(=C1)C),1.34
O=C(O)C(=O)C1(=CC(=C(C)C=C1)C),1.36
O[N+]=1(C=3(C(C=C2(C=1C=CC=C2))=CC=CC=3)),1.37
O=C(O)C1(=C([NH+](C)C)C=CC=C1),1.4
O=[N+]([O-])C=2(C=1(C(=NC=CC=1)C(C(=O)O)=CC=2)),1.41
ClC1(=C(C([N+](=O)[O-])=CC=C1)C(=O)O),1.41
O=C(O)C(=O)C1(=C(C=CC(=C1)C)C),1.45
O=C(C2(=NC1(=C(O)[NH+]=C(N)N=C1NC2)))C(O)C,1.45
N#CC=1(N=NNC=1C#N),1.47
ClC(=NO)C(=O)O,1.5
O=C1(C=C(OC=C1)C(=O)O),1.5
O=C1(C=C(OC(=C1)C(=O)O)C2(=CC=CC=C2)),1.51
S1(C[NH+](C)C(C1)C(=O)O),1.51
O=C(O)C(=O)C1(=CC=C(C)C=C1),1.52
S1(C(=NC=C1)N=NC2(=C(O)C=C(O)C=C2)),1.56
ClC2(=NN(C1(=NC([N+](=O)[O-])=NN1))C=N2),1.59
O=[N+]([O-])C2(=C1(N=NN(C1=CC(=C2)[N+](=O)[O-])O)),1.6
O(C1(=[NH+]C(O)=CC(=N1)C))C,1.6
[Br]C2(=NN(C1(=NC([N+](=O)[O-])=NN1))C=N2),1.63
P(=O)(O)C1(=CC=CC=C1),1.63
O=C(O)C#CC#CC#CCC,1.67
O=C(O)C([NH3+])CC1(=C[NH+]=CC=C1),1.69
OC1(=[NH+]C(=CN=C1CC(C)C)CC(C)C),1.7
O=[N+]([O-])NC=1(N=NN(N=1)C),1.7
O=C(O)C1(=CC=[NH+]C=C1),1.71
S(=O)(O)C1(=CC=CC=C1),1.72
O=C(O)C1(=CC=[N+](C)C=C1),1.72
O(C1(=C(O)[NH+]=CN=C1))C,1.75
S1(=O)(=O)(NC(=O)C2(=C1C=CC=C2)),1.76
O=C(O)C2(=[NH+]C=1(C(=CC=CC=1)C=C2)),1.79
O=C(O)C#CC[NH+]1(CCOCC1),1.79
S(=O)(O)C1(=CC=C(C)C=C1),1.82
O=C(O)C([NH3+])CC=1(N(C=[NH+]C=1)C),1.84
OC1(=[NH+]C=NC2(=C1N=CN2C)),1.86
S(=O)(O)CC1(=CC=CC=C1),1.86
O=C(O)C#C,1.89
S(=O)(O)CCC1(=CC=CC=C1),1.89
O3(C(N2(C1(=NC(=[NH+]C(=C1N=C2)O)N)))C(O)C(C3CO)O),1.9
O=C(O)C=2(C1(=[NH+]C=CC=C1C=CC=2)),1.9
[Br]C#CC(=O)O,1.9
OC(C#N)=C(C#N)C#N,1.9
N#CC(C#N)=C(C#N)C(C#N)C#N,1.9
O=C(O)C#CC#CCC,1.91
O=C(O)C1([NH2+]CC(C1)O),1.92
N1(=NNC(=N1)C([NH3+])CC2(=CC=CC=C2)),1.93
S1(C(OC(C1C)=O)(C(=O)O)C),1.94
O=C(O)C1([NH2+]CC(C1CC(=O)OC)C(=C)C),1.95
O=C(O)C(=O)C=CC1(=CC=C(C)C=C1),1.96
O=C(O)C(=O)C=CC1(=CC=CC=C1),1.97
O=C(O)C[NH+](CC)CC,1.98
O=C([N+]1(=CC=C(C#N)C=C1))C,1.98
O=C(O)C[NH+](C)C,1.99
O=C(O)C1([NH+]2(C(C(C)CC1)CCC(C2)C)),2
S=C(S)NCC[NH3+],2
O=[N+]([O-])C1(=NNC(=N1)N2(N=CN=C2)),2
OC1(=[N+](C=NC2(=C1NC=N2))C),2
O=C(O)C1([NH2+]CC(C1CC(=O)N)C(=C)C),2.01
O=C1(C(O)=C1C2(=CC=CC=C2)),2.01
O=[N+]([O-])NC1(=NN=NN1CC),2.02
ClC1(=C([N+](=O)[O-])C=CC=C1C(=O)O),2.02
O(C1(=CC=[N+](O)C=C1))C,2.05
S(=O)(O)CCCC1(=CC=CC=C1),2.05
SC=2(C1(=[NH+]C=CC=C1C=CC=2)),2.05
O=[N+]([O-])C=1(OC(C(=O)O)=CC=1),2.06
FC2(=CC=C(C1(=C(O)C1=O))C=C2),2.07
ClC1(=NN=NN1),2.07
O=C(N)C1(=CC(=[N+](O)C(=C1)C)C),2.08
N#CC(NC(C#N)=C(C#N)C#N)=C(C#N)C#N,2.1
OC1(=[N+](N)C=CC=C1),2.1
O=C(O)CN1(N=NN=C1C2(=CC=CC=C2)),2.11
O=C(O)CN1(N=NC=N1),2.12
OC1(=[NH+]C=NC=2(C1=CC=CC=2)),2.12
O=[N+]([O-])C1(=C(C(=CC=C1)C)C(=O)O),2.13
[Br]C1(=NN=NN1),2.13
O=C(O)CN1(N=NN=C1C),2.16
ClC1(=CC([N+](=O)[O-])=CC(=C1)C(=O)O),2.17
O=C(O)C([NH3+])CC1(=NNC2(=C1C=CC=C2)),2.2
S(=O)(O)CCCC,2.2
O=C(O)C([NH3+])CN1(N=CC=C1),2.2
O=C1(C(O)=C1C2(=CC=C(C(C)(C)C)C=C2)),2.21
SC1(=[NH+]C=NC(=C1N)N),2.21
O=C(O)C([NH2+]CCC)C,2.21
O=C(O)C([NH2+]C)C,2.22
O=C(O)C([NH2+]CC)C,2.22
[Br]C1(C(=O)OCC1=O),2.23
O=C(O)CN1(N=NC(=N1)C),2.23
S1(=O)(=O)(CN(C(=O)C)C(C1)C(=O)O),2.23
O=C(O)C(C#N)CC1(=CC=CC=C1),2.24
O=C(O)C[NH2+]C,2.24
OC1(=[NH+]C=CC=N1),2.24
N#CC(C#N)=C(C(C#N)C#N)C(C#N)C#N,2.25
O=C(O)C(NC(=O)C([NH3+])CC=1([NH+]=CNC=1))CC=2([NH+]=CNC=2),2.25
O=[N+]([O-])C1(=C(NN=C1C)C(=O)O),2.26
O=C1(OC(C2(C[NH2+]C(C2(C1))C(=O)O))(C)C),2.27
S(=O)(O)CC,2.27
O=C(O)CN1(N=NN=C1),2.27
O[N+]1(=C(N(C)C)C=CC=C1),2.27
OC=1(C=2(C([NH+]=CC=1)=CC=CC=2)),2.27
O=C(O)C(C#N)(CC1(=CC=CC=C1))C,2.29
O=C(O)CN(CC(=O)O)CC(=O)N,2.29
O=C(O)C1(=C[N+](=CC=C1)C),2.29
N#CC(C#N)=C(C1(=CC=CC=C1))C(C#N)C#N,2.3
O=C(O)C(=O)C(C)(C)C,2.3
[Br]C1(=C(ON=C1C2(=CC=CC=C2))O),2.3
IC1(C(=O)OCC1=O),2.31
O=C(O)C[NH2+]CC,2.31
O=C(O)C[NH2+]CCC,2.31
O=C(O)C[NH2+]CCCC,2.32
O=C1(C(=C(O)C(C1CC=C(C)C)O)C(=O)CC(C)C),2.35
S(=O)(O)CCC,2.35
O=C(O)C[NH2+]C(C)C,2.35
O=[N+]([O-])C1(=CC=C(C(C#N)C#N)C=C1),2.35
S(=O)(O)C,2.35
O=C(O)C(C#N)C,2.37
O=C(O)C=1(OC=2(C=CC(=CC=2(C=1))CN3(C=[NH+]C=C3))),2.38
O=C(O)CN1(N=NN=C1N),2.38
O=[N+]([O-])C2(=C(C(C(=O)C1(=CC=CC=C1))=CC=C2)C(=O)O),2.39
O=C(O)C([NH3+])(C)C,2.39
O=C(O)C1([NH2+]CC(C1CC(=O)OC)C(O)C),2.4
SC=1(C=[N+](C2(=CC=CC=C2(C=1)))C),2.4
O[N+]1(=CC=C(O)C=C1),2.4
O=C(O)C1([NH+]=C(N)NC1C(O)C[NH3+]),2.4
O=C(O)C([NH3+])CC1(C(=C)C1),2.4
O2(C1(=[NH+]C(O)=CC(=C1CC2)C)),2.42
SC(=O)C1(=CC=CC=C1),2.44
O=C1(OC2(C(C)C)(C[NH2+]C(C2(C1))C(=O)O)),2.45
O=C(O)CC#N,2.46
O=C1(N(C(=O)CC1[NH3+])CCCCC([NH3+])C(=O)O),2.5
[N+]1(=NN(C)C(=N1)N)(C),2.5
O=C(O)C1([NH2+]CCCC1),2.5
S1(=O)(CN(C(=O)C)C(C1)C(=O)O),2.5
O=[N+]([O-])C2(=C(O)C=1(NN=CC=1C(=C2)[N+](=O)[O-])),2.5
ClC(C(=O)O)C=C,2.54
O=C(O)C#CCC(C)(C)C,2.54
OC1(=C(C=C(C(O)=C(C#N)C#N)C=C1C)C),2.55
O=[N+]([O-])C1(=C(C(=O)O)C=C(C)C=C1),2.55
FCC(=O)O,2.56
O([N+]1(=CC=C(O)C=C1))C,2.57
N#CC(C#N)=C(N)C(C#N)C#N,2.58
ClC1(=C(C(=CC=C1)C)C(=O)O),2.59
SC(=O)C1(=CC=C(C)C=C1),2.59
O=C(O)C#CCC,2.6
[Br]C(=C(C#N)C#N)C(C#N)C#N,2.6
O[N+]1(=C(NC)C=CC=C1),2.61
O=C(O)C(NC(=O)C[NH3+])CC=1([NH+]=CNC=1),2.61
S1(C(C(C(=O)O)N3(C1C(NC(=O)CC2(=CC=C(O)C=C2))C3=O))(C)C),2.62
N1(=NNC(=N1)C[NH3+]),2.62
O=C(O)C12(OC1CC[NH2+]C2),2.63
O=C(O)C(NC(=O)CC[NH3+])CC=1(N(C=[NH+]C=1)C),2.64
OC1(=[NH+]C=CC=2(C1=NC=CC=2)),2.64
O=C(O)C#CC(C)(C)C,2.66
O=C(O)C1([NH3+])(CCCCC1),2.66
O[N+]1(=C(N)C=CC=C1),2.67
S1(C([N+](=O)[O-])=CC=C1C(=O)O),2.68
S1(C(=C([N+](=O)[O-])C=C1)C(=O)O),2.68
O=[N+]([O-])C1(=C(C(=O)O)C=CC(=C1)C),2.68
O=C(O)CONC(=[NH2+])N,2.69
ClC1(=COC(=C1)C(=O)O),2.69
O=C2(OCC13(C5(C(C(=O)CC1C(OC3(C2))(C)C)(C4(OC4C(=O)O)(CC(C5)(CC6(COCC6))C))C))),2.7
O=C(O)C1(=NC=CN=C1),2.7
IC1(=C(C(=CC=C1)C)C(=O)O),2.7
N1(=NNC(=N1)C3(=C(C2(=NN=NN2))C=CC=C3)),2.71
S1(=O)(=O)(CC(=O)CC(C1)=O),2.72
P1(=O)(O)(CCCCC1),2.73
FC1(=C(C(=O)O)C=C([N+](=O)[O-])C=C1),2.73
S3(C2(=C(C=C(CN1(C=[NH+]C=C1))C=C2)C=C3C(=O)O)),2.74
ClC1(=C(C(=O)O)C=CC(=C1)Cl),2.74
S(=O)(O)CC(C)C,2.75
O=C(O)C(NC(=O)C([NH3+])CC(C)C)CC=1([NH+]=CNC=1),2.76
S1(C(C(C(=O)O)N3(C1C(NC(=O)CC2(=CC=CC=C2))C3=O))(C)C),2.76
OC2(=[NH+]C=1(C(=CC=CC=1)C(=C2)C(O)C3([NH+]4(CC(O)(C=C)C(C3)CC4)))),2.76
S(=O)(=O)(N(CC)CC)C1(=C(SC=C1)C(=O)O),2.77
O=C(O)C(=O)C(C1(=CC=CC=C1))C2(=CC=CC=C2),2.78
O=C(O)C(O)C[NH3+],2.78
O=C(O)CC(C1(=[NH+]C=CN1))C2(=[NH+]C=CN2),2.79
S1(C(C(C(=O)O)N3(C1C(NC(=O)COC2(=CC=C(C)C=C2))C3=O))(C)C),2.8
O=C(O)C1(=CN=NC=C1),2.8
O=[N+]([O-])C=1(C=2(C(C(O)=C(C=1)C[NH+](CC)CC)=CC=CC=2)),2.82
S=C(S)NCCO,2.82
[Br]C(C(=O)O)C(C)C,2.82
S1(C(C(=O)O)=CC(=C1)[N+](=O)[O-]),2.83
S(C1(=C(C(=O)O)C=C([N+](=O)[O-])C=C1))C2(=CC=C(C)C=C2),2.84
S1(C(C(C(=O)O)N2(C1C(NC(=O)CC=CCC)C2=O))(C)C),2.84
S(=O)(=O)(NC1(=CC=C(S(=O)(=O)C)C=C1))C(F)(F)F,2.84
O=C(O)C=1(OC=2(C=CC=CC=2(C=1))),2.84
O=C(OC1(OC(C(=O)O)C(O)C(C1O)O))C2(=CC=CC=C2),2.85
S=C(S)NCCOC,2.85
O=C(O)C1(=NC=CC=N1),2.85
O=C(O)CC1(=NN=NN1CC),2.85
OC=2(C1(=NC=CC=C1[NH+]=CC=2)),2.85
IC1(=NN=NN1),2.85
O=[N+]([O-])C2(=CC(=C(C(=O)C1(=CC=CC=C1))C=C2)C(=O)O),2.86
O=C(O)C1(=CC=[N+]([O-])C=C1),2.86
O=[N+]([O-])C1(=C(C(C(=O)O)=CC=C1)C(=O)C2(=CC=CC=C2)),2.87
S=C(OCC(=O)O)N(C)C,2.87
ClC(C(=O)O)C,2.88
[Br]C1(=C(O)C([N+](=O)[O-])=CC2(=C1CC2=O)),2.88
O=[N+]([O-])C1(=CC=C(OCC(=O)O)C=C1),2.89
[Br]C1(=C(C(=O)O)C=CC=C1C),2.9
O=[N+]([O-])C1(=C(OCC(=O)O)C=CC=C1),2.9
O=C(O)CC1([NH2+]NC2(=C1C=CC=C2)),2.9
O=C(O)C1(N(C(=O)CNC(=O)CNC(=O)C[NH3+])CCC1),2.91
O2(C=1(C(OC)=CC3(=C(O)C=C([NH+]=C3(C=1C(=C2C)C))C))),2.91
O=[N+]([O-])C1(=C(C(=O)O)C=CC=C1C),2.91
O=C(O)C2(O)(C1(=C(C=CC=C1)C3(=C2C=CC=C3))),2.92
IC1(=C(C(=O)O)C=CC=C1C),2.92
[Br]C1(=C(C(=O)O)C=CC=C1),2.93
IC=1(OC(C(=O)O)=CC=1),2.94
S1(CN(C(=O)C)C(C1)C(=O)O),2.94
O=C(O)C(NC(=O)C)CC=1([NH+]=CNC=1),2.94
O=C(O)C1([N+]([O-])=CCC1)(C),2.95
O=C(O)C1(N(C(=O)C[NH3+])CCC1),2.95
S=C(S)NC1(CCCCC1),2.95
ClC1(=C(C(=O)O)C=CC=C1),2.95
IC1(=C(C(=O)O)C=C(C)C=C1),2.95
S(=O)(=O)(N(CC)CC)C1(=C(C(=O)O)C=CC=C1),2.96
SC1(=[NH+]C=C(N)C(=N1)N),2.96
O=C(O)C2(OC(OC1(=CC([NH3+])=CC=C1))C(O)C(C2O)O),2.97
[Br]C(C(=O)O)C,2.97
S=C(S)N1(CCCC1),2.97
S=C(SC)N(CC(=O)O)C,2.98
O=[N+]([O-])C2(=C(C1(=NN=NN1))C=CC=C2),2.98
O=[N+]([O-])C1(=C(C(C(=O)O)=CC=C1)C),2.98
S1(C(C(=O)O)=CN=C1),2.99
O=C(O)C(O)CC=1([NH+]=CNC=1),2.99
OC3(=CC2(=[N+](C=1(C(=CC=CC=1)N=C2C=C3))C)),3
O=C(O)C=1(C=3(C([NH+]=C2(C=1C=CC=C2))=CC=CC=3)),3
O=C(O)C3(OC(OC2(=CC=1(C(=[NH+]C=CC=1)C=C2)))C(O)C(C3O)O),3
O=C(O)C3(OC(OC=1(C=[NH+]C2(=CC=CC=C2(C=1))))C(O)C(C3O)O),3
O=[N+]([O-])C=1(C=3(C(C(O)=C(C=1)C[NH+]2(CCOCC2))=CC=CC=3)),3
ClC=1(SC(C(=O)O)=CN=1),3
O=C1(C(=O)CC(C1)=O),3
O=C1(NC(C(=O)O)C(C1)C(=O)N),3
S1(C(C(=O)O)=CC=C1C(=O)C),3
ClC1(=C(C(=O)O)C=CC=C1C),3
O=C(O)C3(OC(OC=2(C1(=[NH+]C=CC=C1C=CC=2)))C(O)C(C3O)O),3.01
O=C(OCC(=O)O)N(C)C,3.01
S1(C(=NC=C1C)C(=O)O),3.03
O=[N+]([O-])C1(=CC(=CC=C1)C(O)C(=O)O),3.03
O=C(O)C(C#N)=C(C)C,3.04
O=[N+]([O-])C1(=CC=C(CCC([NH3+])C(=O)O)C=C1),3.05
O=C(O)C(O)(C1(=CC=CC=C1))C2(=CC=CC=C2),3.05
O=C(O)C([NH3+])CCC(C)C,3.06
O=C(O)C=C(C#N)C1(=CC=CC=C1),3.07
P1(=O)(O)(CCC1),3.07
OC1(=[NH+]C(=NC2(=C1N=CN2C))N),3.07
P(=O)(O)(C)C,3.08
O=[N+]([O-])C2(=CC=C(C1(=NN=NN1))C=C2),3.08
O=C(O)CC(=O)C,3.09
O=C(O)C1(=CC([NH3+])=CC=C1),3.09
[Br]C1(=C(C(=O)O)C=CC(=C1)C),3.09
O=C(O)C#COC1(=CC=CC=C1),3.09
O=C(O)C2(OC(OC1(=CC=C([NH3+])C=C1))C(O)C(C2O)O),3.1
S1(C(C(C(=O)O)N2(C1C([NH+]=C2CCCC([NH3+])C(=O)[O-])C(=O)[O-]))(C)C),3.1
O=C(O)C3(OC(OC=2(C=1(C(=[NH+]C=CC=1)C=CC=2)))C(O)C(C3O)O),3.1
S=C(S)NC(C)C,3.1
SC1(=[NH+]C=CC(=N1)NCC),3.1
ClC1(=C([N+](=O)[O-])C=C2(N(O)N=NC2(=C1C))),3.1
[Br]C1(C(=O)CC(C)(C)CC1=O),3.1
S2(C1(=C(C=CC=C1)C=C2C(=O)O)),3.1
O=C(O)CC1(=NN=NN1C2(=CC=CC=C2)),3.1
O=[N+]([O-])C1(=CC=C(C(=O)N[N+](C)(C)C)C=C1),3.11
O=C(O)C=1(C=2(C(C=CC=1C)=CC=CC=2)),3.11
[Br]C1(=CSC(=C1)C(=O)O),3.11
S1(=O)(CC(=O)CC(C1)=O),3.12
ClC1(=C(C(=O)O)C=C(C)C=C1),3.12
O=C(O)C1(=C(OC)C(=CC2(=C1COC2))C),3.13
S(=O)(=O)(NC1(=CC=C(CC([NH3+])C(=O)O)C=C1))C,3.15
OC1(=[NH+]C(=NC2(=C1N=CN2C3(C=CC(C3)CO)))N),3.15
O=C(O)C1(OCCOC1),3.15
O=C(O)COC1(=CC=CC=C1),3.15
O=C(O)COC1(=CC=C(C)C=C1),3.15
O=[N+]([O-])C1(=CC(C(=O)N[N+](C)(C)C)=CC=C1),3.16
ICC(=O)O,3.16
O=C(O)CN(C(=O)C)C,3.16
ClC2(=C1(N=NN(C1=C(C)C(=C2)[N+](=O)[O-])O)),3.17
O=C(O)COC1(=C(C=CC=C1)C),3.17
O=C(O)C=1(OC=CC=1),3.18
S(C1(=C([N+](=O)[O-])C=CC=C1))CC(=O)O,3.18
O=C1(C(O)=CC(=O)C2(=C1C=CC=C2)),3.19
S=C(SC)NCC(=O)O,3.19
O=C1(OC2(C(C)C)(CN(C(=O)C)C(C2(C1))C(=O)O)),3.2
SC1(=[NH+]C=CC(=N1)NCCCC),3.2
O=C1(C=CC(C(=O)O)=CC=C1),3.2
IC1(=C(C(=O)O)C=CC(=C1)C),3.2
O1(N=C(C)C(=C1O)C=2(ON=C(C=2)C)),3.2
O=C(O)C1(=C([NH3+])C=CC=C1C),3.2
IC(C(=O)O)C,3.21
ClC1(=C(C([N+](=O)[O-])=C2(N(O)N=NC2(=C1)))C),3.21
SC=2(C=1(C(=[N+](C=CC=1)C)C=CC=2)),3.22
O=C(O)C2(OC(OC1(=CC=C(C#N)C=C1))C(O)C(C2O)O),3.22
O=[N+]([O-])C1(=NN(C)C(=N1)NN=O),3.22
P(=O)(O)(CC)CC,3.22
ClC(C(=O)O)=CC,3.22
P(=O)(O)(CCCCC)CCCCC,3.23
O=C(O)C(=CC(=O)NC)C,3.23
O=C(O)CC#CC#CC,3.23
FC12(CC3(F)(CC(C1)(F)CC(C2)(C(=O)O)C3)),3.24
P(=O)(O)(CCCCCC)CCCCCC,3.24
S1(C([N+](=O)[O-])=CC(=C1)C(=O)O),3.24
O=C(O)C([NH3+])CC(CC)C,3.25
O=[N+]([O-])C2(=CC(C1(=NN=NN1))=CC=C2),3.25
P(=O)(O)(CC(C)C)CC(C)C,3.25
P(=O)(O)(CCC(C)C)CCC(C)C,3.26
S1(C(C(=O)O)=CN=C1C),3.26
O=C1(OC=C(C(=O)O)C=C1),3.26
O=[N+]([O-])C1(=C(C(C(=O)O)=CC=C1)C(=O)C),3.26
ClC1(=C(C(=O)O)C=CC(=C1)C),3.27
O=[N+]([O-])C1(=CC(=C(C(=O)C)C=C1)C(=O)O),3.27
[Br]C=1(SC=C(N=1)C(=O)O),3.28
O=C(O)[C+]1(C=CC=CC=C1),3.29
O=C(O)C2(OC(OC1(=C([NH3+])C=CC=C1))C(O)C(C2O)O),3.3
O2(N=C3(CC[NH+](CC1(=CC=CC=C1))CCC3(=C2O))),3.3
ClC=1(SC=C(N=1)C(=O)O),3.3
[Br]C=1(SC(C(=O)O)=CC=1),3.3
O=C(O)CN1(C=CC=C1),3.3
O1(N=C2(CC[NH2+]CCC2(=C1O))),3.3
O=C(O)C2(C1(=NN=NN1C(C)CCC2)),3.3
O=C(O)C=1(C=2(C(C=C(C=1C)C)=CC=CC=2)),3.33
P(=O)(O)(CCC)CCC,3.33
ClC1(=C([N+](=O)[O-])C=C(C(=O)O)C=C1),3.33
O=C(O)C=CC(=O)C1(=CC=CC=C1),3.34
S=C(SCC(=O)O)N(C)C,3.34
O=C(O)C1(=C(O)C=CC=C1C),3.35
[Br]C1(=C(C(C(=O)O)=CC=C1)C),3.36
O=C(O)C(OC1(=C(C=CC=C1)C))C,3.37
O=C(O)C1(OC(OC(=O)C(CC)CC)C(O)C(C1O)O),3.37
O=C(O)C2(OC1(=C(C=CC=C1)CC2)),3.38
O=C(O)C=CC(=O)C1(=CC=C(CC)C=C1),3.38
O=C(O)C(C2(=CC=C(C1(=CC=CC=C1))C=C2))C(O)(C3(=CC=CC=C3))C,3.38
O=C(O)C1(C[NH2+]CC1),3.38
N1(=NNC(=N1)C3(=CC(C=2(N=NNN=2))=CC=C3)),3.38
O=C(O)C1(=CON=C1),3.39
O=C(O)CN2(C1(=C(C=CC=C1)C=C2)),3.4
O=C(O)C=CC(=O)C1(=CC=C(C(C)C)C=C1),3.4
SC1(=C([N+](=O)[O-])C=C([N+](=O)[O-])C=C1),3.4
S(C1(=CC([N+](=O)[O-])=CC=C1))CC(=O)O,3.4
S(C(C(=O)O)=C)C1(CCCCC1),3.4
S=C(S)N(CC(C)C)CC(C)C,3.4
O=C(O)C(C2(=CC=C(C1(=CC=CC=C1))C=C2))C(O)(CC)C,3.41
ClC=1(SC(C(=O)O)=CC=1),3.41
O=C(O)CC#CC=C,3.41
O=C(O)C=CC(=O)C1(=CC=C(C(C)(C)C)C=C1),3.42
O=C(O)C=1(OC(C)=CC=1),3.42
O=C(O)C(C(=O)N)(C(=C)C)C,3.42
O=C(O)C(OC1(=C(C=CC=C1)C))CC,3.43
[Se]1(C(C(=O)O)=CC=C1),3.43
O=[N+]([O-])C1(=CC=C(C(=O)O)C=C1),3.43
ClC1(=C(C(C(=O)O)=CC=C1)C),3.43
O=C(O)CC[N+]1(CCCCC1)(C),3.43
O=C(O)CC#CC1(=CC=CC=C1),3.44
O=C(O)C=CC(=O)C1(=CC=C(C)C=C1),3.44
O=C(O)C1(=C(C=C(C(C)(C)C)C=C1C)C),3.44
O=C(O)CC=1(N=NN(N=1)C),3.44
O=[N+]([O-])C1(=CC(NC(C#N)=C(C#N)C#N)=CC=C1),3.45
O=C(O)C(C2(=CC=C(C1(=CC=CC=C1))C=C2))C3(O)(CCC(C)CC3),3.45
O=[N+]([O-])C([N+](=O)[O-])CCC#N,3.45
[Se](C1(=C([N+](=O)[O-])C=CC=C1))CC(=O)O,3.45
O=C(O)C2(=C(C1(=CC=CC=C1))C=CC=C2),3.46
S1(C(C(=O)O)=CC=C1),3.46
S(C1(=C(C=CC=C1)C))CC(=O)O,3.46
O=C(O)C1(=C(OC)C=CC=C1C),3.46
P(=O)(O)(C1(CCCCC1))C2(CCCCC2),3.47
O=[N+]([O-])C1(=CC(C(=O)O)=CC=C1),3.47
O=C1(N(C(C(=O)O)C(C)C)CC1NC(=O)CC2(=CC=CC=C2)),3.48
[Br]C1(=C(O)C(=CC(=C1)[N+](=O)[O-])C=O),3.48
O=C(O)COOC(C)(C)C,3.49
O=C(O)CC1(=CC=C([NH3+])C=C1),3.49
S(C=CC1(=CC=CC=C1))CC(=O)O,3.5
ClC1(=CC([N+](=O)[O-])=C(O)C=C1),3.5
O=C(O)C=1(N(C=C(C=1)[NH3+])C),3.5
O=C(N)C1(=C(NN=C1CC(=O)O)N),3.5
O=C1(C(C(=O)C1CC)CC),3.5
S(=O)(=O)(NC1(=CC(=CC=C1)C(F)(F)F))C(F)(F)F,3.5
[Br]C12(C(=O)OC4(C1CC3(C2(C(=O)O)C34))),3.5
ClC1(Cl)(C(C(=O)O)C1),3.51
O=C(N)C#CC#CC=CC(=O)O,3.52
S(C1(=CC=CC=C1))CC(=O)O,3.52
O=C(O)C1(=C(C=CC=C1)C(C)(C)C),3.53
O=C(O)C2(=C(OC1(=CC=CC=C1))C=CC=C2),3.53
O=C(O)COC,3.53
S(=O)(=O)(N)C1(=CC=C(C(=O)O)C=C1),3.53
N#CC2(=CC=C(C1(=NN=NN1))C=C2),3.53
O=C(O)C1(=CC=C(C#N)C=C1),3.53
O=C(O)C2(=C(C(=O)C1(=CC=CC=C1))C=CC=C2),3.54
S1(C(=C(C)N=C1)C(=O)O),3.54
O=C(O)C1(=[N+]([O-])C=CC=C1),3.54
O=C(O)CN2(C1(=C(C=CC=C1)C3(=C2C=CC=C3))),3.55
O=C(O)CC[NH2+]CCCCCCCCCCCC,3.55
O=C(O)C1(OC(OC)C(O)C(C1O)O),3.55
[Se](C1(=CC([N+](=O)[O-])=CC=C1))CC(=O)O,3.55
O=C(O)CC[NH2+]CCCCCCCC,3.56
P(=O)(O)(C(C)C)C(C)C,3.56
[Br]C1([Br])(C(C(=O)O)C1),3.57
OC1(=[NH+]C=NC(=C1N)N),3.57
OC1(=[NH+]C(=NC2(=C1N(C=N2)C))N),3.57
S(C1(=CC=C(C)C=C1))CC(=O)O,3.57
O=[N+]([O-])C1(=NC=2(N(C(=O)N(C(C=2(N1))=O)C)C)),3.58
[Br]C1(=CC(=C(C)C=C1)C(=O)O),3.58
O=C(O)C(C2(=CC=C(C1(=CC=CC=C1))C=C2))C3(O)(CCCCC3),3.59
O=C(O)CC[NH3+],3.59
O=C(O)C1(C([NH3+])CCCC1),3.59
O=C(O)C2(=C(OC1(OC(C(O)C(C1O)O)CO))C=CC=C2),3.6
O=C3(C1(=C(NC=2(CC(C)(C)CC(C=2(C1))=O))CC(C3)(C)C)),3.6
O=C(O)CC#CC,3.6
FC1(=C(C(=O)O)C=CC=C1),3.6
O=C1(NC(C(=O)NC(C(=O)O)C)CC1),3.6
O=C(O)C1(=CC(C#N)=CC=C1),3.6
O=C(O)COCC,3.61
O=C(O)CC[NH2+]CC,3.61
ClC2(=CC(C1(=NN=NN1))=CC=C2),3.61
O=C(O)CC[NH2+]CCCCCC,3.61
IC1(=CC(=C(C)C=C1)C(=O)O),3.62
O=[N+]([O-])C1(=C(C=CC(=C1)C(=O)O)C),3.62
O=C(O)C2(=CC=C(C1(=NN=NN1))C=C2),3.63
ClC1(=CC(=C(C)C=C1)C(=O)O),3.63
O=C(O)C1(=C(C=CC=C1)C(C)C),3.64
S1(C=NC(=C1)C(=O)O),3.64
S1(C(C(=O)O)=CC(=C1)C(C)C),3.64
O=C(O)C=1(C=3(C(C=C2(C=1C=CC=C2))=CC=CC=3)),3.65
O=[N+]([O-])C1(=C(C=C(C(=O)O)C=C1)C),3.65
O=C1(C(C(=O)CC(C1)(C)C)C=O),3.65
O=C(OC(C)(C)C)NC(C(=O)O)CCC(=O)N,3.66
O=C1(NC(C(=O)NC(C(=O)NC(C(=O)O)C)CCC(=O)N)CC1),3.67
S(CC(=O)O)C,3.67
OC#N,3.67
O=CO,3.69
O=C(O)C=C=CC1(=CC=CC=C1),3.7
O=C(O)C=1(OC=2(C=CC=CC=2(C=1OC))),3.7
O=C(O)C(C1(=NN=NN1C2(CCCCC2)))(C)C,3.7
O=C(O)C=1(C=2(C(C=CC=1)=CC=CC=2)),3.7
O=C(O)C=3(C=1(C(=CC2(=CC=CC=C2(C=1)))C=CC=3)),3.7
[Br]C=1(SC=C(C=1)C(=O)O),3.7
[Br]C1(=C(O)C([Br])=CC(=C1)[N+](=O)[O-]),3.7
ClC1(=C(O)C(Cl)=CC(=C1)[N+](=O)[O-]),3.7
S1(C(=NC(=C1)C(=O)O)C(=O)CC),3.7
SC(=O)C,3.71
S=C(N(C)C)NCC(=O)O,3.71
S(C(C)C)CC(=O)O,3.72
O=C(O)CC=1(OC=CC=1),3.72
O=C(O)C1(=C(C(OC)=CC=C1)C),3.72
O=C(O)C1(=C(C(OCC)=CC=C1)C),3.73
[Br]C2(=CC=C(C1(=NN=NN1))C=C2),3.73
O=C1(C(C(=O)O)=CC=CC=C1),3.73
S(CC1(=CC=CC=C1))CC(=O)O,3.73
O=C(O)C2(=CC(C1(=NN=NN1))=CC=C2),3.74
ClC1(=CC(=C(C(=O)O)C=C1)C),3.75
[Se](C1(=CC=CC=C1))CC(=O)O,3.75
S(=O)(=O)(NC1(=CC(C(=O)C)=CC=C1))C(F)(F)F,3.75
O=C1(C2(C(C)(C)C(C1C(=O)O)CC2)(C)),3.76
S(=O)(=O)(NC(=O)OC(C)(C)C)C1(=CC=C(S(=O)(=O)C)C=C1),3.76
O=C(O)C(C2(=CC=C(C1(=CC=CC=C1))C=C2))C(O)(C)C,3.76
O=C(O)C(C2(=CC=C(C1(CCCCC1))C=C2))C(O)(C)C,3.76
O=C1(OCC(C1)=O),3.76
S(C(C(=O)O)C)C,3.76
S1(C(C(=O)O)=CC=C1C),3.76
[Br]C1(=CC(=C(C(=O)O)C=C1)C),3.77
S(C1(=CC=C(S)C=C1))CC(=O)O,3.77
S(C(C(=O)O)C)C(C)C,3.78
O=C(O)CC(C#N)C1(=CC=CC=C1),3.79
[Br]C1(=CC(C(=O)O)=CC=C1),3.79
IC1(=CC(=C(C(=O)O)C=C1)C),3.79
[Se](C1(=C(C=CC=C1)C))CC(=O)O,3.79
O=C(O)C=1(NC=2(C=CC=CC=2(C=1))),3.79
S(CC(=O)O)CCC1(=CC=CC=C1),3.8
O=C(O)C=1(C=NN(C=1)CCCC[NH+]4(CCN(CC2(=[NH+]C=3(C=CC=CC=3(N2CCOCC))))CC4)),3.8
S(C(C(=O)O)C)CC,3.8
ClC=1(SC=C(C=1)C(=O)O),3.8
O=C(O)CC(O)C[N+](C)(C)C,3.8
ClC1(=CC(C(=O)O)=CC=C1),3.8
S1(C(C(=O)C)=CC=C1CC(=O)O),3.8
O=C(O)C=1(C(OC)=CC2(=CC=CC=C2(C=1))),3.82
S2(C1(=C(C=C(C(=O)O)C=C1)C(=C2CN3(C=[NH+]C=C3))C)),3.82
S(C(C(=O)O)C)CCC,3.82
O3(C([N+]2(=C(O)N=C(NCCC1(=CC=CC=C1))C(=C2)C))CC(C3CO)O),3.83
O=C(O)C=CCC[NH3+],3.83
[Br]C2(=C(C1(=NN=NN1))C=CC=C2),3.83
O=C(O)C1(=C(C(O)=CC=C1)C),3.83
O=C(O)C1(=NNC=C1),3.84
O=C(O)C1(OCCCC1),3.84
O=C(O)C1(=C(C=CC(=C1)OC)C),3.84
O=C(O)C1(=C(OC)C(=CC=C1)C),3.84
O=C(O)C1(=CC(C(=O)C)=CC=C1),3.84
S1(C(=CC=C1)CC(=O)O),3.85
O[N+]1(=CC=C(NC)C=C1),3.85
O=C(O)C1(=C(C=CC=C1)COC),3.85
O=C(O)C(C(=O)N1(CCCCC1))CC,3.86
[Br]CCC(=O)O,3.86
O=C(O)C1(C(C#N)CCCC1),3.86
O=C(O)C1(O)(CCC1),3.88
IC2(=CC=C(C1(=NN=NN1))C=C2),3.88
O=C(O)C1(OC(OC(C(C)C)C(C)C)C(O)C(C1O)O),3.89
ClC=1(SC(CC(=O)O)=CC=1),3.89
S(C1(=C(C(=O)O)C=CC=C1))C,3.89
O[N+]=1(C=2(C(C(NO)=CC=1)=CC=CC=2)),3.89
O3(C(OC2(C(OC([N+]1(=C(O)N=C(N)C=C1))CC2)C))C(O)C(O)C(C3C)[NH+](C)C),3.9
ClC2(=C1(N=NN(C1=CC=C2)O)),3.9
O[N+]1(=CC=C(N(C)C)C=C1),3.9
FC1(=CC(C(=O)O)=CC=C1),3.9
O=[N+]([O-])C=CC1(=CC(C(=O)O)=CC=C1),3.9
O=C(O)CC(C#N)CC1(=CC=CC=C1),3.91
O(C2(=CC(C1(=NN=NN1))=CC=C2))C,3.91
O=C(O)C(C1(=CC=CC=C1))CCC#N,3.92
O=C(O)CCC[NH2+]CC,3.92
O=C(O)C1(=C(C=CC(=C1)O)C),3.92
O=C1(NCC(=O)NC1CC(=O)O),3.93
O=C(O)C1(=CCC2([NH+](C1CC2)C)),3.93
O=C(O)C1(=COC=C1),3.94
O=[N+]([O-])C=CC1(=CC=C(C(=O)O)C=C1),3.94
O=C(O)C(C(C#N)C1(=CC=CC=C1))(C)C,3.95
S=C(S)N(CC)CC,3.95
O=C(O)CC(C#N)C,3.95
O=C(O)C(C(=O)N)=C(C)C,3.95
O=C(O)C12(CCC(C1)C2),3.96
SC1(=CC(C(=O)O)=CC=C1),3.96
[Br]C1(=C(C=CC(=C1)C(=O)O)C),3.96
O=C(O)C(C(C#N)C)(C)C,3.97
FC(F)(F)C2(=CC=1(N(O)N=NC=1C=C2)),3.97
O=C(O)C1(=C(C=CC(=C1)C)C),3.97
O=C(O)C=CC(=O)NC,3.98
ClC1(=CC=C(C(=O)O)C=C1),3.98
O=[N+]([O-])C1(=C(O)C=CC2(=C1CC2=O)),3.98
N1(=NNC(=N1)CC[NH3+]),3.99
O=C(O)C1(=NNC(=C1)C),3.99
[Br]C1(=CC=C(C(=O)O)C=C1),3.99
O=C(O)C(C1(=C(C=C(C)C=C1C)C))C2(=CC=CC=C2),4
[Se](=O)(O)C1(=CC=C([N+](=O)[O-])C=C1),4
O=C(O)CCC=1([NH+]=CNC=1),4
O=C(O)C(C2(=CC=C(C1(=CC=CC=C1))C=C2))C(O)CCC,4.01
OC1(=NC(=[NH+]C=C1)N),4.01
O2(N=C(C1(=CC=CC=C1))C=C2O),4.01
O=C(O)CCC[N+](C)(C)C,4.02
ClC1(=NN(C)C(=N1)NN=O),4.03
O=C(O)CCC[NH2+]C,4.03
[Br]C1(=C(C=C(C(=O)O)C=C1)C),4.03
O2(C([N+]1(=C(O)N=C(NC)C(=C1)C))CC(C2CO)O),4.04
ClCCC(=O)O,4.04
OC1(=CC=[NH+]C=C1),4.04
O=C(O)CC(C#N)(C)C,4.04
O=C(O)C1(O)(CCCCCC1),4.04
O=C(O)CCC#CC#CC[NH3+],4.05
O=C(O)CCC[NH3+],4.06
ClC1(=C(C=CC(=C1)C(=O)O)C),4.06
O=C(O)C1(=CC=C(CC(=O)N)C=C1),4.06
PCC(=O)O,4.07
[Se](=O)(O)C1(=CC([N+](=O)[O-])=CC=C1),4.07
O=C(O)CC1(=COC=C1),4.07
ClC1(=C(C=C(C(=O)O)C=C1)C),4.07
O=C(O)C3(=CC1(=C(N(C)C(=C1C)CN2(C=[NH+]C=C2))C=C3)),4.08
[Br]C1(C(C(=O)O)C1),4.09
ClC2(=C(C=1(N=NN(C=1C=C2)O))C),4.09
N1(=NNC(=N1)C2(=C(C=CC=C2)C)),4.09
O=[N+]([O-])C2(=CC1(=[NH+]C=C(C(=O)OCC)C(=C1C=C2)O)),4.1
O=[N+]([O-])C(=[N+](O)[O-])CC,4.1
O=C2(OC1(=C(C=CC=C1)C(=C2)O)),4.1
O=C(O)CCC[N+]1(CCCCC1)(C),4.11
O=C(O)C1(O)(CCCC1),4.11
O=C(O)CCC#CC#CCCC[NH3+],4.12
O=C(O)CCC#CC#CCC[NH3+],4.12
O=C(O)C(C2(=CC=C(C1(=CC=CC=C1))C=C2))C(O)C(C)C,4.13
O=C(O)CCC([NH3+])C,4.13
O=C(O)C1(=CC(OC)=C(C)C=C1),4.13
ClCC=CC(=O)O,4.14
O=C(O)C1(=CC(OC(C)C)=CC=C1),4.15
PC(C(=O)O)C,4.15
ClC2(=CC=1(N(O)N=NC=1C=C2)),4.15
N1(=NNC(=N1)C2(=CC(=CC=C2)C)),4.15
O=C(O)C1(=C(C(=O)C)C=CC=C1),4.15
S(=O)(=O)(NC=1(ON=C(C=1C)C))C2(=CC=C(N)C=C2),4.16
O=C(O)C(C2(=CC=C(C1(=CC=CC=C1))C=C2))C(O)CC,4.16
FC1(=CC=C(C(=O)O)C=C1),4.16
O=C(O)CCC#CC#CCCCCC[NH3+],4.17
O=C(O)C(C2(=CC=C(C1(=CC=CC=C1))C=C2))C(O)C3(=CC(=CC=C3)C),4.17
O=C(O)C3(=CC=1(C(=CC2(=CC=CC=C2(C=1)))C=C3)),4.18
O=C(O)C(C2(=CC=C(C1(CCCCC1))C=C2))C(O)C3(=CC=C(C)C=C3),4.18
ClC2(=CC=1(N=NN(C=1C=C2)O)),4.18
O=C(O)C1(=CC=C(CO)C=C1),4.18
O=C(O)C1(=C(C=C(C)C=C1)C),4.18
O=C(O)C1(=CC=C(COC)C=C1),4.18
O=C(O)C=2(C1(=C(C=CC=C1)OC=2)),4.18
O=C(O)C(C2(=CC=C(C1(=CC=CC=C1))C=C2))C(O)C3(CCCCC3),4.19
O=C(O)C(C2(=CC=C(C1(=CC=CC=C1))C=C2))C(O)C3(=C(C=CC=C3)C),4.19
S1(C(=CC(=C1)C(=O)O)CC),4.19
O=[N+]([O-])C1(=C(C=C(O)C(=C1)C)C(C)C),4.2
O=C2(OC1(=C(C(=CC=C1)C)C(=C2)O)),4.2
O=C(O)C1(=CC=C(NC(C#N)=C(C#N)C#N)C=C1),4.2
O=C(C1(=CC(=CC=C1)C(C(=O)O)C))C2(=CC=CC=C2),4.2
[Br]C1(=C(O)C([Br])=CC(=C1)C2(OS(=O)(=O)C3(=C2C=CC=C3))(C4(=CC([Br])=C(O)C(=C4)[Br]))),4.2
O=C(O)C=CC#CC,4.2
O=C1(C(CC(C1)=O)(C)C),4.2
O=C1(C(C(=O)CC(C1)=O)(C)C),4.2
O=C(O)C1(=CC(OC)=C(O)C(=C1)OC),4.2
O=C(O)CCC#CC#CCCCCCC[NH3+],4.21
S(=O)(=O)(NC(=O)OCC1(=CC=CC=C1))C2(=CC=C(C)C=C2),4.21
O[N+](C1(=CC=CC=C1))(C)C,4.21
FC12(CC3(C(=O)O)(CC(C1)CC(C2)C3)),4.22
FC2(=C(C1(=CC=CC=C1))C=CC(=C2)C(C(=O)O)C),4.22
O=C(N)C(C1(=CC=CC=C1))CC(=O)O,4.23
PCCC(=O)O,4.23
OCC[NH+](CCC1(=NN=NN1))CCC2(=NN=NN2),4.23
S(C1(=CC=C(C(=O)O)C=C1))C,4.23
O=C(O)C(C1(=CC=CC=C1))CO,4.23
O=C(O)C1(=C(OCCC)C=CC=C1),4.24
[Si](C1(=CC(C(=O)O)=CC=C1))(C)(C)C,4.24
O=C(O)CC=1(C=2(C(C=CC=1)=CC=CC=2)),4.24
O=C(O)C(C2(=CC=C(C1(CCCCC1))C=C2))C(O)C3(=CC=CC=C3),4.24
S1(C(=CC(=C1)C(=O)O)C),4.24
P(=O)(O)(C(C)(C)C)C(C)(C)C,4.24
S2(C1(=C(C=CC=C1)C(=C2)C(=O)O)),4.24
O=C(O)C(C2(=CC=C(C1(=CC=CC=C1))C=C2))C(O)C3(=CC=CC=C3),4.25
O=C(O)C=C,4.25
O=C(O)C1(COCCC1),4.25
O=C(O)CC2(=CC=1(C(=CC=CC=1)C=C2)),4.26
O=C(O)CCCC[NH3+],4.26
O=C(O)CCCC=1([NH+]=CNC=1),4.26
[Si](C1(=CC=C(C(=O)O)C=C1))(C)(C)C,4.27
O=C(O)C=1(NC=[NH+]C=1C(=O)[O-]),4.27
O=C(O)CC1(=CC=CC=C1),4.27
OC(C1(=CC=C(N)C=C1))=C(C#N)C#N,4.28
O=C(O)CC=CC,4.28
OC2(=CC=C(C1(=NN=NN1))C=C2),4.28
OC(=N[N+](C)(C)C)C1(=CC=CC=C1),4.29
O=C(O)C(C2(=CC=C(C1(=CC=CC=C1))C=C2))C(O)CC3(=CC=CC=C3),4.29
O=C1(OCC(C1CC)=O),4.29
O=C(O)C(C2(=CC=C(C1(=CC=CC=C1))C=C2))C(O)C,4.3
O=C1(OC(C4(OC3(OC(C(C(C(C1C)O)C)OC2(OC(CC(C2O)[N+](O)(C)C)C))(CC3C)C)(C(=C4)C))(C))CC),4.3
O=C(N)C(NC=O)CCC(=O)O,4.3
O=C(O)C1(=CC(=CC(=C1)C)C),4.3
O=C(N1(CCC2(=NOC(=C2(CC1))O)))C,4.3
O=C(O)C1(=CC=C(C(C)C)C=C1),4.31
O=C(O)C=CC1(=COC=C1),4.31
S(C(C1(=CC=CC=C1))(C2(=CC=CC=C2))C3(=CC=CC=C3))CC(=O)O,4.32
O=C(O)C1(=CC(O)=C(C)C=C1),4.32
O=C(O)C=1(NC=2(C=CC=CC=2(C=1C))),4.33
O=C(O)CCCC[N+]1(CCCCC1)(C),4.33
O=C(O)CC=C,4.33
S1(C(=CC=C1)CCC(=O)O),4.34
O=C1(NC(=O)CCC1(C(=O)OCC)CCC(=O)O),4.35
O=C1(C(O)=C(C(=O)C2(=C1C=CC=C2))C3(=CC=CC=C3)),4.35
O=C(O)C1(=CC(=C(OC)C=C1)C),4.35
O=[N+]([O-])C1(=CC([N+](C)(C)C)=C(O)C=C1),4.35
O=C(O)C1(=CC=C(C(C)(C)C)C=C1),4.36
O=C(O)CCOOC(C)(C)C,4.36
OC2(=C(C1(=NN=NN1))C=CC=C2),4.36
O=C(O)CCC=1(OC=CC=1),4.36
O=C(O)CCCCC[NH3+],4.37
O[N+]1(=C(C=C(N(C)C)C=C1)C),4.37
O=C(O)C1(=CC=C(C)C=C1),4.37
N3(=C(NCCC1(=CC=CC=C1))C2(=C(NN=C2)N=C3)),4.38
O=C(O)C1(=C(OC)C=C(C)C=C1),4.38
O=C(O)CC=2(C1(=C(C=CC=C1)NC=2)),4.39
O=C1(C(=C(C)C(C1)C(C(=O)O)C)C),4.4
O2(C([N+]1(=C(O)N=C(N)C(=C1)C))CC(C2CO)O),4.4
O=C(O)CCC(C#N)C1(=CC=CC=C1),4.4
O=C(O)C2(C1(=NN=NN1CCC(C2)C(C)(C)C)),4.4
O=[N+]([O-])C1(=CC=C(C(C(=O)O)=CC(=C)C)C=C1),4.4
O=C1(OCC(=C1O)O),4.4
O=C(O)CC(O)C1(=CC=CC=C1),4.4
O=C(O)C1(C(C(=O)C)CC=CC1),4.4
O=C(O)C=1(C=CC=CC=CC=1),4.4
O=[N+]([O-])C1(=CC(=CC=C1)C2(C(C(=O)O)C2)),4.41
O=C(O)C1(=CC(=C(C)C=C1)C),4.41
O=C(O)C2(=CC=C(C1(CC1))C=C2),4.42
O=C(O)CCCCC[N+]1(CCCCC1)(C),4.44
O=C(O)C2(=CC=C(OCC1(=CC=CC=C1))C=C2),4.44
O=C1(C(O)=C(C(=O)C2(=C1C=CC=C2))C=CC3(=CC=CC=C3)),4.44
O=C(O)CCC1(=COC=C1),4.44
O=C(O)C1(=CC=C(OCC=C)C=C1),4.45
O=C(O)C12(C(OC)=CC(CC1)CC2),4.45
[Br]C1(=CC=C(NC(C#N)=C(C#N)C#N)C=C1),4.45
ON=NC1(=NC=NN1C),4.45
S1(=O)(=O)(N=CNC2(=C1N=CN2C)),4.45
O=C(O)C1(=CC=C(OC)C=C1),4.45
O=C(O)CC2(=CC=C(C1(=CC=CC=C1))C=C2),4.46
O=C(O)CCC(=O)C2(=CC=C(C1(=CC=CC=C1))C=C2),4.46
ClC1(=CC([N+](=O)[O-])=C(O)C(=C1)C=O),4.46
O=C(O)C2(=CC=C(N=CC1(=CC=CC=C1))C=C2),4.47
O=C(O)C1(=CC=C(OCCCC)C=C1),4.48
O=C(O)CCC(=O)C=1(C=2(C(C=CC=1)=CC=CC=2)),4.48
O=C(O)C1(=CC=C(OCCCCC)C=C1),4.49
ClC1(=C(OC)C=C(OC)C3(=C1OC2(C(=O)CC(=O)CC2C)(C3=O))),4.49
OC1(=[NH+]C(=NC(=N1)N)N),4.5
O=C(O)CC(O)C,4.5
O[N+]([O-])=CCCCC,4.5
O=C(O)C1(=C(CCC1)COC),4.5
O=C(O)CCCCCCC[NH3+],4.5
ClC1(=CC(=CC=C1)C2(C(C(=O)O)C2)),4.51
OC2(=[NH+]C=1(N=CNC=1C(=N2)N)),4.51
O=C(O)C=1(N(C=CC=1)C),4.51
O=C(O)C2(=CC=C(OC1(=CC=CC=C1))C=C2),4.52
ClC1(=C(Cl)C(Cl)=C2(NN=NC2(=C1Cl))),4.52
O[N+](C1(=CC=CC=C1))(CC)CC,4.53
ClC2(=CC=C(C1(C(C(=O)O)C1))C=C2),4.53
O=C(NC1(=NN=NN1))C,4.53
PCCCC(=O)O,4.53
O=C(O)CCCCCCCC[NH3+],4.53
O=C1(NOCC1[NH3+]),4.54
O=C(O)C=1([NH+]=C(C)NC=1C(=O)[O-]),4.54
O=C(O)C1(=C(CCC1)CO),4.54
O=C(O)C1(=C(C=C(OC)C=C1)C),4.54
O=[N+]([O-])C1(=CC=C(CCC(=O)O)C=C1),4.54
N1(=NNC(=N1)C2(=CC=C(N)C=C2)),4.55
O=C(O)C(C(=C=C)C)(C)C,4.55
O=C(O)C=CC1(=CC=C(C)C=C1),4.56
O=C(O)C1(=C(C=CC=C1)C=O),4.56
O=C(O)CCCCCCCCC[NH3+],4.57
O=C(O)C(C1(=CC=C(CC(C)C)C=C1))C,4.57
O=CCC=O,4.57
O=C(O)C=1(C(=NN(C=1)C2(=CC=CC=C2))C),4.58
O=C(O)CCCCC#C,4.58
O=C(O)C1(C2(C=CC1CC2)),4.58
O=C(O)C1(=C(C2(C=CC1C2))COC),4.59
O=C(O)C(C1(CC(CCC1)C))C,4.59
N1(=NNC(=N1)CC[NH+](C)C),4.59
O=C(O)CCC1(=CC=CC=C1),4.59
O=C(O)C=CC2(=CC=1(OCOC=1C=C2)),4.6
O=C(O)C2(C(C1(=CC=C(C)C=C1))C2),4.6
O=C(O)CCCCCCCC1(=[NH+]C(=CC=C1)C),4.6
O=C(O)CCCCCCCC1([NH2+]C(C(O)CC1)C),4.6
S=C1(NC=NC2(=C1NN=N2)),4.6
ON1(N=NC2(=C1C=CC=C2)),4.6
O=C(O)C=1(NC=C(C=1)C),4.6
O=C(O)CCCC#C,4.6
[Br]CCCC(=O)OCCCC(=O)O,4.6
O=C(O)C2(C(C1(=CC=C(OC)C=C1))C2),4.62
O=C(O)CCCCCCCCCC[NH3+],4.62
O=C(O)CCC(=O)C,4.63
O=C(O)C1(C(C(C(=O)C)C1)(C)C),4.63
O=C(N)C(C1(=CC=CC=C1))CCC(=O)O,4.64
SC1(=CC=C([N+](=O)[O-])C=C1),4.64
O=C(O)C1(=C(OC(=C1)C)C),4.64
O=C(O)C1(=CC=C(OCC)C=C1),4.64
O=C(O)CCCCCCCCCCC[NH3+],4.65
O[N+](C)(C)C,4.65
ClC1(=CC=C(CCC(=O)O)C=C1),4.65
S(=O)(=O)(NC(=O)C1(=CC(=C(C)C=C1)C))C2(=CC=C(N)C=C2),4.66
O=C(O)C(=C)C,4.66
O=C(O)CCCC(=O)C,4.66
O=C(O)CC=2(C1(=C(C=CC=C1)NC=2C)),4.67
[Se](=O)(O)C2(=C(C1(=CC=CC=C1))C=CC=C2),4.67
O=C(O)CC(C1(=CC(=C(O)C=C1)C))C2(=CC=CC=C2),4.67
O=C(O)CCC=C,4.68
O=C(C(=O)C)CC(=O)C(=O)C,4.68
O=C(O)C1(=CC(=C(O)C=C1)C),4.68
O=C(OCC)N1(CCC2(=NOC(=C2(CC1))O)),4.7
O=C(O)CCCCCCCCCC[NH2+]CC=C,4.7
ClC1(=C(C=CC=C1)C(C2(=CC=CC=C2))CC(=O)O),4.7
O=C(O)C=CC(C)C,4.7
S2(C1(=[N+](C(=CC=C1O)C)CC2)),4.7
O=C(O)C(C=C=C(C)C)(C)C,4.7
O=C(O)C=CCCC,4.71
O=C(O)C1(=C(C=C(O)C=C1)C),4.71
O=C(O)CCC1(=CC=C(OC)C=C1),4.72
[70SH]C(C1(=CC=CC=C1))=CC(=O)NCC,4.73
O=C(O)C(CC)CC,4.73
O=C(O)CCC1(=CC=C(C)C=C1),4.74
O=[N+]([O-])NC1(=CC=CC=C1),4.74
O=C(O)CCC(O)CC#CC#CC#C,4.75
O=C(O)CC=1(OC=2(C=C(C)C=C(C=2(C=1O))C)),4.75
O=C(O)C(C)C,4.76
O=C(O)C(CCCC)CC,4.76
S(=O)(=O)(NC=1(SC=NN=1))C2(=CC=C(N)C=C2),4.77
O=C(O)C(C(C(CO)CC)CCC)CC,4.78
O=C1(C(O)=C(C(=O)C2(=C1C=CC=C2))C=CC),4.78
O[N+](C1(=C(C=CC=C1)C))(C)C,4.78
O=C(O)C=CC,4.79
O=C(O)CC(C)C,4.79
O=C(O)C1(CCC1),4.79
O=C(O)CCC1(=C(OC)C=CC=C1),4.8
O=C(O)CCC(O)C=C=CC#CC#C,4.8
O=C(O)C(C(C1(=CC=CC=C1))C(=O)N)(C)C,4.8
O=C(O)CCC,4.8
O=C(O)C(=C)CCCC,4.8
[Se](=O)(O)C1(=CC(=CC=C1)C),4.8
O(C2(=C(C1(=NN=NN1))C=CC=C2))C,4.8
S(=O)(=O)(NC(=O)C)C1(=CC=C(C)C=C1),4.8
O=C(O)CC1(C(C(C(=O)C)C1)(C)C),4.82
O=C(O)CCCC,4.82
S1(SCCC1CCCCC(=O)O),4.82
O=C(O)CC1(C(C(C(O)C)C1)(C)C),4.83
O=C(O)C1(CC1),4.83
O=C(O)CCC(C)(C)C,4.83
ClC1(=C(Cl)C=C(Cl)C(=C1C[NH+]2(CCOCC2))O),4.84
O=C(O)CCC(C)C,4.84
O=C(O)C1(=CC=C(N)C=C1),4.84
P(=O)(O)([O-])C=1([NH+]=C2(C(O)C(O)C(C(N2(C=1))CO)O)),4.84
OC=3(C2(=NC=1(C(=CC=CC=1)[N+](=C2C=CC=3)C))),4.85
O=C(O)CCCCC,4.85
S(=O)(=O)(NC1(=CC=CC=C1))C(F)(F)F,4.85
O=C(O)C1(C2(CCC1CC2)),4.85
O=[N+]([O-])CC#N,4.86
O=C(O)CCCCCC,4.86
O=C(O)CCC=2(C1(=C(C=CC=C1)NC=2)),4.87
[Se](=O)(O)C2(=CC(C1(=CC=CC=C1))=CC=C2),4.87
O=C(O)CCCCC1(=CC=CC=C1),4.88
O=[N+]([O-])NC1(=CC=C(C)C=C1),4.88
[Se](=O)(O)C1(=CC=C(C)C=C1),4.88
O=C(O)C1(CC(CCC1)C),4.88
O=C(O)C1(C(CCCC1C)C),4.88
O=C(O)CCCCCCCCC,4.89
O=C(O)CCCCCCCCCCC,4.89
O=C(O)C1(CCCCC1),4.89
[Si](CCCC(=O)O)(C)(C)C,4.89
O=C(O)C12(CC(CC1)CC2),4.89
O=C(O)CCC(O)C=C=CC#CC#CC,4.9
O=C1(C(O)=C(C(=O)C2(=C1C=CC=C2))CC3(=CC=CC=C3)),4.9
OC=1([NH+]=C(N)N(C=1)C),4.9
O=NC(=NO)C1(=CC=CC=C1),4.9
[Si](CCC(=O)O)(C)(C)C,4.91
O=C(O)CCC1(CCCCC1),4.91
OC=1(C=2(C(C=[N+](C=1)C)=CC=CC=2)),4.93
O=C(O)CCCC1(CCCCC1),4.95
O=C(O)C12(CC3(CC(C1)CC(C2)C3)),4.95
[Br]NS(=O)(=O)C1(=CC=CC=C1),4.95
O=C(O)CCC(=O)C2(=CC=1(C(=CC=CC=1)C=C2)),4.96
OC1(=C[N+](=CC=C1)C),4.96
O=C(O)C1(=CC=C(N(C)C)C=C1),4.96
ClC[Si](CCCC(=O)O)(C)C,4.97
O=C(O)CCC(C3(C2(C(O)CC4(C1(C(CC(O)CC1)CC(C4(C2CC3))O)(C)))(C)))C,4.98
O=C(O)C1(=CNC=C1),4.98
ClCCC[Si](CCCC(=O)O)(C)C,4.98
O=C(O)C1(CCCC1),4.99
FC(F)(F)C1(=C(NN=C(C#N)C#N)C=CC=C1),5
O=[N+]([O-])C1(=CC=C(C(C(=O)O)=CC)C=C1),5
[SeH]CC[NH3+],5
O=C1(OC(=CC(C1)=O)C),5
O=C(O)C=1(NC(C)=CC=1),5
O=C(OC)C1(=C(C(=O)OC)CC=C1),5
O=C(O)CCCCCCCCCCCCCC,5.01
O=C(O)CCCCCCCCCCCCCCCCC,5.01
O=C(O)C5(C(C(C4(C2(C(C1(C(O)CC3(CC(O)CCC3(C1CC2)(C))))CC4)(C)))C)C5),5.01
O=C(O)CC(C)(C)C,5.01
O=C1(C(O)=CC=C(C=C1)C(=O)C),5.01
OC1(=[N+]([O-])C(=CN=C1CC(C)C)C(O)(CC)C),5.02
[Si](CCCC(=O)O)(CC)(C)C,5.02
O=C(O)C1(C(C)C1),5.03
O=C(O)C(CC)(C)C,5.03
[Si](O[Si](C)(C)C)(CCCC(=O)O)(C)C,5.03
OC1(=NC(=[NH+]C(=C1CCCC)C)NCC),5.04
[SeH]CC[NH2+]CC,5.04
S(=O)(=O)(NC(=O)OC(C)(C)C)C1(=CC=C(C)C=C1),5.05
S(=O)(=O)(NC(=O)N)CC(=O)N,5.05
ClCCC[Si](CC(C(=O)O)C)(C)C,5.05
[Si](CCCCCC(=O)O)(C)(C)C,5.06
O(C2(=CC=1(N=NN(C=1C=C2)O)))C,5.07
O=C(O)CCC(C4(C2(C(C1(C(O)CC3(CC(O)CCC3(C1CC2)(C))))CC4)(C)))C,5.08
S(=O)(=O)(NC(=O)N)C,5.1
O=[N+]([O-])CC(=O)C,5.1
O=C(O)C=1(NC=CC=1C),5.1
O=C(O)C=C(C)C,5.12
FC(F)(F)C1(=NC=2(N=CN=CC=2(N1))),5.12
ClC1(=C(Cl)C=C(Cl)C(=C1C[NH+](CC)CC)O),5.13
O=C1(C(O)=C(C(=O)C2(=C1C=CC=C2))CCC(C)C),5.13
O[N+](CC)(CC)CC,5.13
O=C(O)C1(CCCCC1)(C),5.13
S(=O)(=O)(NC(=O)N)C(C(=O)N)(C)C,5.15
O=C1(OC(OC(C1)=O)(C)C),5.15
ClC1(=C(Cl)C=CC=C1NN=C(C#N)C#N),5.15
ClC1(=NC(N=NO)=NN1C),5.17
S1(N=C(C)N=C1S),5.18
[SeH]C(C[NH3+])C,5.19
[Se](=O)(O)C,5.19
S(=O)(=O)(NC1(=[N+]([O-])C=CC=C1))C2(=CC=C(N)C=C2),5.2
O=C1(CC(=O)CC2(C1)(CCCCC2)),5.2
O=[N+]([O-])C([N+](=O)[O-])CCC,5.2
[SeH]C(C[NH3+])(C)C,5.21
S(=O)(=O)(NC(=O)N)C(C(=O)N)C,5.21
[Si](CC(=O)O)(C)(C)C,5.22
OC1(=NC(=[NH+]C(=C1)C)N2(N=C(C)C=C2O)),5.23
SC1(=CC([N+](=O)[O-])=CC=C1),5.24
O=C1(CC(=O)CCC1),5.26
[Si](C1(=CC=CC=C1))(CC(=O)O)(C)C,5.27
O=C(O)C=2(C1(=C(C=CC=C1)NC=2)),5.27
[Se](=O)(O)CC,5.28
O=C(O)C1(=C([O-])[NH+]=CC=C1),5.28
[Se](=O)(O)CCCC,5.29
S(=O)(=O)(NC(=O)NCCCC)C1(=CC=C(C)C=C1),5.3
O=C1(OC(=CC(C1CC)=O)C),5.3
O=NC(=NO)CC1(=CC=CC=C1),5.3
O=C([N+]1(=CC=CC=C1))C,5.32
SC1(=CC=C(C(=O)C)C=C1),5.33
O=C(O)CC(=CC1(=CC=CC=C1))C,5.35
O=C(O)C1(=CNC(=C1)C),5.35
S(=O)(=O)(NC(=O)C)C1(=CC=C(N)C=C1),5.35
[Br-].[P+](C1(=CC=CC=C1))(C2(=CC=CC=C2))(C3(=CC=CC=C3))C5(C4(=C(C=CC(=C4)[N+](=O)[O-])C6(=C5C=CC=C6))),5.36
ClC2(=CC=C(S(=O)(=O)NC1(=NC(=CC=N1)C))C=C2),5.37
O(CCOCCC1(=NN=N[N-]1))CCC2(=NN=NN2),5.37
S=C1(SC(C)(C)C(N1)=O),5.38
O=[N+]([O-])C([N+](=O)[O-])CC(C)C,5.4
[Si](CC(=O)O)(CC)(C)C,5.4
O=C1(C=C(O)C=CC=C1),5.4
O=[N+]([O-])C1(=C(O)C=CC(=C1)C(=O)OC),5.4
S(=O)(=O)(NC(=O)N)C1(=CC=C(N)C=C1),5.41
OC=1(C=[N+](C2(=CC=CC=C2(C=1)))C),5.42
S2(C1(=C(N=O)C(O)=CC=C1N=C2)),5.43
O=[N+]([O-])C1(=C(O)C=CC(=C1)C(=O)OCC),5.44
O=[N+]([O-])C([N+](=O)[O-])CCCC,5.45
ON=NC1(=NN(C)C(=N1)N2(CCCCC2)),5.46
S(=O)(=O)(NC=1(SC(C)=NN=1))C2(=CC=C(N)C=C2),5.46
ON=NC1(=NN(C)C=N1),5.48
O=C(OCC)C(=NO)C(=O)OCC,5.48
O=C(N)CCCC1(=NC=CC=C1),5.48
OC1(=NC(=[NH+]C(=C1C)C)N2(N=C(C)C=C2O)),5.5
O=C2(C(C1(CCCCC1))CCC(C2)=O),5.5
O=C2(OC1(=C(C=CC=C1)C(C2CC3(C(=O)OC=4(C=CC=CC=4(C3=O))))=O)),5.5
O=[N+]([O-])C([N+](=O)[O-])CCCCC,5.5
O=[N+]([O-])C([N+](=O)[O-])CCCCCC,5.5
O=[N+]([O-])C1(=CC=C(NN=C(C#N)C#N)C=C1),5.5
N1(=NNC(=N1)C),5.52
OC2(=CC1(=[N+](C=CC=C1C=C2)C)),5.56
N1(=NNC(=N1)CC),5.59
O=C1(C(C(=O)CC(C1)(C)C)C),5.6
OC=3(C2(=C(N)C=1(C(=CC=CC=1)[NH+]=C2C=CC=3))),5.61
N1(=NNC(=N1)CCC),5.61
O=C1(C(CC(C)C(C1)=O)C),5.62
O=C2(OC1(=C(C=CC=C1)C(C2)=O)),5.64
OC2(=C(C=C(C1(=CC=CC=C1))C=C2C[NH+](C)C)C[NH+](C)C),5.65
OC1(=N[N+](=C([O-])C=C1)C),5.65
[Si](CC(=O)O)(CCC)(CCC)C,5.65
ClC1(=C(O)C(=CC(=C1)Cl)C[NH+]2(CCOCC2)),5.67
O=[N+]([O-])C([N+](=O)[O-])CC,5.67
O=C1(OC(CC)(CC)C(N1)=O),5.7
S(=O)(=O)(NC=1(SC=CN=1))C2(=CC=CC=C2),5.73
O=[N+]([O-])C1(=CC(=C(O)C=C1)C[NH+](CC)CC),5.75
O=[N+]([O-])C1(=C(O)C(=C(OC)C=C1)C(=O)NCC2([NH+](CCC2)CC)),5.75
P(=O)(O)([O-])C(P(=O)(O)[O-])C[NH+](C)C,5.75
[Br]C1(=C(O)C=CC2(=C1CC2=O)),5.75
OC3(=C(C1(=[NH+]C=2(C=CC=CC=2(N1C))))C=CC=C3),5.76
OC1(=CC=[N+]([O-])C=C1),5.76
ClC1(=CC(S)=CC=C1),5.76
O=[N+]([O-])C1(=CC(=C(O)C=C1)C[NH+]2(CCOCCOCCOCCOCCOCC2)),5.77
O=[N+]([O-])C1(=CC(=C(O)C=C1)C[NH+]2(CCOCCOCCOCCOCC2)),5.79
O=C(O)C(C(C(=O)C)C)(C)C,5.79
N1(=C(C=C(C)NC2(=C1C=CC(=C2)C))C),5.8
O=NC(=NO)C,5.8
O=NC(=NO)CC,5.8
[Br]C1(=CC=C(S)C=C1),5.8
O=C(O)C1(=C(NC=C1)C),5.8
O=[N+]([O-])C1(=C(NN=C(C#N)C#N)C=CC=C1),5.8
[P+](C1(=CC=CC=C1))(C2(=CC=CC=C2))(C3(=CC=CC=C3))C5(C4(=C(C=CC(=C4)C#N)C6(=C5C=CC=C6))),5.81
O=C(O)C=C(OC)C,5.81
O=C([N+]1(=CC(=CC=C1)C))C,5.81
O=[N+]([O-])CC(=O)OCC,5.82
ClC1(=CC=C(S)C=C1),5.82
O=C1(C(C=O)CCC1),5.83
ClC1(=C(NN=C(C#N)C#N)C=CC=C1),5.84
O=C(C1(=CC=C(NN=C(C#N)C#N)C=C1))C,5.85
S(=O)(=O)(NC=1(SC=CN=1))C3(=CC(N=NC2(=CC=CC=C2))=C(N)C=C3),5.85
O=[N+]([O-])C1(=CC(=C(O)C=C1)C[NH+]2(CCCCC2)),5.88
[Br]C1(=C(OC)C(=C(O)C(=C1)[Br])C(=O)NCC2([NH+](CCC2)CC)),5.88
O=C(O)C=2(C1(=C(C=CC=C1)NC=2C)),5.89
O=C(ONC=O)C=CC1(=CC=CC=C1),5.9
S(=O)(=O)(NC1(=[N+]([O-])C(=CC=C1)C))C2(=CC=C(N)C=C2),5.9
O=C2(C1(=C(C=CC=C1)C(C2CC3(=CC=CC=C3))=O)),5.9
ClC=1(N=CNC=1[N+](=O)[O-]),5.9
O=C1(NC(=O)CC1[NH3+]),5.9
SC=1(C(=O)C=CC=CC=1),5.9
N1(=NNC(=N1)N(C)C),5.92
ON=NC1(=NN(C)C(=N1)N(C)C),5.94
ClC1(=C(O)C(=CC(=C1)Cl)C[NH+](CC)CC),5.95
ClC1(=C(O)C(=CC(=C1)Cl)C[NH+]2(CCCCC2)),5.97
N1(=NNC(=N1)N),5.98
FC(F)(F)OC1(=CC=C(NN=C(C#N)C#N)C=C1),6
S(=O)(=O)(NC1(=NC(=C(C)C=N1)C))C2(=CC=C(N)C=C2),6
O=C(ONC(=O)C1(=CC=CC=C1))C2(=CC=CC=C2),6
O=C2(C1(=C(C=CC=C1)C(C=O)C3(=C2C=CC=C3))),6
O=C1(OC(CC)(C)C(N1)=O),6
IC1(=C(O)C(I)=CC(=C1)C),6
O=C1(N(C(=O)C=2(N(C)C(NC=2(N1C))=O))C),6
ClC1(=CC(NN=C(C#N)C#N)=CC=C1),6
S(=O)(=O)(NC=1(SC=CN=1))C2(=CC=C(O)C=C2),6
N#CC(NC1(CCCCC1))=C(C#N)C#N,6.01
S(=O)(=O)(NC1(=NC=CN=C1))C2(=CC=C(N)C=C2),6.04
O=C1(N(O)C(=O)CC1),6.04
OC2(=CC=1(C(=C[N+](C)=CC=1)C=C2)),6.06
N1(=NNC(=N1)NC),6.06
O=C2(OC1(=C(C=CC(=C1)O)C(=C2C=3(OC=4(C=CC=CC=4(N=3))))C#N)),6.07
SC1(=CC=C(NC(=O)C)C=C1),6.08
S(=O)(C=1(NN=NC=1))CC2(=CC=CC=C2),6.09
ClC1(=C(O)C=C2(OC(=O)C=C(C2(=C1))C)),6.1
S1(C(=O)NC(C1(CC=C)CC=C)=O),6.1
OC=2(C=1(C(=[N+](C=CC=1)C)C=CC=2)),6.12
O=C(OC3(=CC1(=C(N(C)C2(C1(CC[NH+]2C)C))C=C3)))NC,6.12
O=C(O)C2(=C(N=CC=CC1(=CC=CC=C1))C=CC=C2),6.12
O=C(CC=O)C,6.12
ClC1(=C(O)C(Cl)=CC=C1Cl),6.12
O=C1(N(O)C(=O)C2(=C1C=CC=C2)),6.13
O=C1(OC(C)(C)C(N1)=O),6.15
O=C(OC)[N+]1(=CC=C(C)C=C1),6.15
O=C([N+]1(=CC=C(C)C=C1))C,6.15
O=C1(C(O)=CC(C(=O)C)=CC=C1),6.16
S(=O)(=O)(NC1(=NC=NC=C1))C2(=CC=C(N)C=C2),6.17
O=C2(C1(=C(C=CC=C1)C(C2C)=O)),6.17
O=C2(OC1(=C(C=CC(=C1)O)C=C2)),6.18
N#CC(C#N)C(C1(=CC=CC=C1))C(C#N)C#N,6.19
O=C2(N1(N=CN=C1NC(=C2)C)),6.19
O=NC1(=CC=C(O)C=C1),6.2
O=C1(NC(=O)C=2(N=C(N(C=2(N1))C)C)),6.2
O=CC1(=C(O)C(=CC(=C1)C)C=O),6.2
S(=O)(=O)(C1(=NC=NN1))CC2(=CC=CC=C2),6.23
O=[N+]([O-])NC,6.25
[SeH]CCC[NH3+],6.27
FC(F)(F)C(=O)CC(=O)C1(=CC=CC=C1),6.3
OC1(=C(C=C(C)C=C1C([NH3+])CO)C([NH3+])CO),6.3
S=C2(NC(=O)C(C1(=CC=CC=C1))(CC)C(N2)=O),6.3
O=C1(C(C(O)C(C1CCC(C)C)=O)(CCC(C)C)CCC(C)C),6.3
O=[N+]([O-])C1(=CC(=C(O)C=C1)C(=O)N(C4(=CC=C(N=NC3(=CC=2(OCCOCCOCCOCCOCCOC=2C=C3)))C=C4))CCCC),6.3
O=[N+]([O-])C1(=CC(=CC=C1)C[N+](=O)[O-]),6.3
O=C1(N(C(=O)C=2(N=CN(C=2(N1))C))C),6.3
[Br]C1(=C(O)C(=O)C=C(C=C1)C),6.3
SC1(=C(C(=O)OC)C=CC=C1),6.3
[Br]C=1(C=CC(=O)C(=CC=1)O),6.32
O(C1(=CC(=C(O)C(=C1)C[NH+](C)C)C[NH+](C)C))C,6.33
N1(=NNC(=N1)N(CC)CC),6.33
O=C(O)C12(CCC(O)(CC1)CC2),6.33
S(=O)(=O)(N)C(F)(F)F,6.33
SC1(=CC=C(F)C=C1),6.35
S(=O)(=O)([O-])C=2(C1(=C(NN=C1)C(=O)C(C=2)=NO)),6.35
N#CC(NC(CC)C)=C(C#N)C#N,6.35
[Br]C1(=C(NN=C(C#N)C#N)C=CC=C1),6.35
O=C1(C=CC(=NO)C=C1),6.36
SC1(=CC=CC=C1),6.37
S1(C(=O)NC(C1(CCC)CCC)=O),6.37
ClC2(=C(Cl)C(C(=O)C1(=CC(=C(O)C=C1)C[NH3+]))=CC=C2OCC(=O)OCC),6.38
O=[N+]([O-])NCC(C)C,6.38
O=[N+]([O-])NCC,6.39
O=C(ONC(=O)C1(=CC=CC=C1))NC2(=CC=CC=C2),6.4
O=C(O)C3(C2(C(C1(C(C=C(C(C)C)CC1)=CC2))(CCC3)C))(C),6.4
OC1(=C[N+]([O-])=CC=C1),6.4
O=[N+]([O-])C1(=C(O)C=CC(=C1)C(=O)[O-]),6.41
[Br]C1(=C(O)C(=O)C=CC(=C1)C),6.41
S(=O)(=O)(NC1(=NC=CC=N1))C2(=CC=C(N)C=C2),6.42
S(C(=NC)C1(=CC=CC=C1))C,6.42
OC1(=C(C=C(C)C=C1C[NH+](C)C)C[NH+](C)C),6.45
OC1(=CC(NN=C(C#N)C#N)=CC=C1),6.45
O=[N+]([O-])NCCC,6.47
SC1(=CC=C(C)C=C1),6.47
S=C1(SCC(N1)=O),6.48
SC=2(C=1(C(=NC=CC=1)C=CC=2)),6.48
S=C2(N(C(=O)C1(=CC=CC=C1))CC(N2)=O),6.5
O=C2(OC1(=C(C=C(OC)C(=C1)O)C=C2)),6.5
ClCCC1(=CC=C(NN=C(C#N)C#N)C=C1),6.5
ON1(C(=NN=C1C)C),6.5
SC2(=CC=1(C(=NC=CC=1)C=C2)),6.5
ClC(S(=O)(=O)N)(F)F,6.5
O=[N+]([O-])C1(=CC=C(C([N+](=O)[O-])C)C=C1),6.51
FC(F)(F)C(=O)CC(=O)CC(C)C,6.52
[Br]C(S(=O)(=O)N)(F)F,6.53
O=C1(N(C(=O)C(CC)(CC)C(N1)=O)C(=O)C2(=C(OC)C=CC=C2)),6.54
S1(C(=O)NC(C1)=O),6.54
N#CC(=NNC1(=CC=CC=C1))C#N,6.55
S(=O)(=O)(NC1(=NC(=CC=N1)C))C2(=CC=C(N)C=C2),6.59
O=C2(OC1(=C(O)C(O)=CC4(=C1C3(=C2C=C(O)C(=C3OC4=O)O)))),6.59
[Br]C1(=C(O)C([Br])=CC=C1),6.6
ClC1(=CC=C(C([N+](=O)[O-])=NO)C=C1),6.6
ClC1(=C(C=CC(=C1)O)C=O),6.6
O=C1(N(N=CC(N1)=O)C2(OC(CO)C(C2O)O)),6.6
[Br]C1(=C(C=C(O)C(C=C1)=O)C),6.6
ClC1(=C(O)C(=CC=C1)C=O),6.61
OC=1(N(N=C(C=1)C)C2(CC[NH+](C)CC2)),6.63
S(=O)(=O)(NC=1(SC=C(N=1)C))C2(=CC=C(NC)C=C2),6.63
S(=O)(=O)(NC1(=CC=C([N+](=O)[O-])C=C1))C2(=CC=CC=C2),6.63
ClC1(=CC(=CC=C1)C[N+](=O)[O-]),6.63
OC2(=C(C1(=[NH+]CCN1))C=CC=C2),6.63
S1(C(=O)NC(C1(C)C)=O),6.64
ClC1(=C(Cl)C(OCC(=O)OCC)=CC=C1S(=O)(=O)C2(=CC(=C(O)C=C2)C[NH3+])),6.67
S(C1(=CC=CC=C1))C[N+](=O)[O-],6.67
O=[N+]([O-])C1(=CC(=CC=C1)C([N+](=O)[O-])C),6.67
O=C(C(C)C)CC=O,6.68
[S+](CC(=O)C1(=CC=C([N+](=O)[O-])C=C1))(C)C,6.7
O=C(O)C1(=C(NN=C(C#N)C#N)C=CC=C1),6.7
O=C1(NOCC1),6.7
OC=2(C1(=C(O)C=CC=C1C=CC=2)),6.71
S1(=O)(=O)(N=CNC2(=C1C=NC=C2)),6.71
OC=1(N(N=C(C=1CC2(=CC=CC=C2))C3(=CC=CC=C3))C4(CC[NH+](C)CC4)),6.73
O=[N+]([O-])C1(=C(O)C(OC)=CC=C1),6.74
N#CC(=NNC1(=CC=C(C)C=C1))C#N,6.75
O=[N+]([O-])C([N+](=O)[O-])C(C)C,6.75
SC1(=CC=C(OC)C=C1),6.76
O=NC1(=C(O)C=CC2(=C1N=CN2C)),6.76
O=CC1(=C(O)C=NC=C1),6.77
O=[N+]([O-])CC1(=CC=CC=C1),6.77
O=[N+]([O-])C=2(C=1(C(=NC(C)=CC=1)C(O)=CC=2)),6.78
OC1(=CN=CN=C1),6.78
O=[N+]([O-])C1(=C(O)C=CC(=C1)NC(=O)C),6.78
IC(S(=O)(=O)N)(F)F,6.79
O=C(ONC(=O)CC)C=CC1(=CC=CC=C1),6.8
S1(C(=NN=C1C2(=CC=CC=C2))NC(=O)C3(=CC=CC=C3)),6.8
ClC4(=CC=3(N=C(C=1(C(=O)OC=2(C=C(O)C=CC=2(C=1))))OC=3C=C4)),6.8
ClC1(=C(O)C(Cl)=CC=C1),6.8
OC=2(C1(=[N+](C=CC=C1C=CC=2)C)),6.81
O=C(ONC(=O)C)C,6.81
O=C2(OC1(=C(C=CC(=C1)O)C=C2C=3(OC=4(C=CC=CC=4(N=3))))),6.84
O=C(N)C1(=C(N=NC(=C1)C2(=CC=CC=C2))NCCN3(CCOCC3)),6.85
O=C1(C(O)=CC=CC=C1),6.87
O[N+]1(=C([O-])C=CC=2(C1=CC=CC=2)),6.88
S1(N=C(CC)N=C1O),6.89
O(C1(=NC(=NC(=C1)C)N2(N=C(C)C=C2O)))C,6.9
N#CC(=NNC1(=C(C=CC=C1)C))C#N,6.9
OC=2(C=1(C(=C[N+](C)=CC=1)C=CC=2)),6.9
O=C2(OC1(=C(O)C(O)=CC=C1C=C2)),6.9
ClC1(=C(O)C(=C(OC)C(=C1)CC)C(=O)NCC2([NH+](CCC2)CC)),6.91
ClC1(=C(OC)C(=C(O)C(=C1)CC)C(=O)NCC2([NH+](CCC2)CC)),6.91
OC=2(C1(=[NH+]C=CC(=C1C=CC=2)N)),6.91
S(=O)(=O)(NC1(=CC=C(C(=O)C)C=C1))C2(=CC=CC=C2),6.94
S(=O)(=O)(NC2(=NN(C1(=CC=C([N+](=O)[O-])C=C1))C=C2))C3(=CC=C(N)C=C3),6.94
S1(=O)(=O)(N=CNC=2(C1=NC=CC=2)),6.94
O=C2(N1(N=NN=C1C=CN2)),6.95
O=CC1(=NC=CC=C1O),6.95
ClC2(=C(S(=O)(=O)NC=1(SC=CN=1))C=CC(=C2)N),6.95
S(=O)(=O)(NC=1(SC(C)=C(N=1)C))C2(=CC=C(N)C=C2),6.97
O=[N+]([O-])CC1(=CC(=CC=C1)C),6.97
S(=O)(=O)(NC=1(SC=CN=1))C2(=CC(=C(N)C=C2)C),7
OC=1(N(N=C(C=1CCC)C2(=CC=CC=C2))C3(=CC=CC=C3)),7
O=C(N)C(N)CC(=O)N,7
OC1(=C(C=C(C)C=C1C[NH3+])C[NH3+]),7
SC1(=CN=CC=C1),7.01
S1(N=C(O)C2(=C1C=CC=C2)),7.01
O=C1(N(C(NOC(=O)C)=CC(N1C)=O)C),7.01
S(=O)(=O)(NC2(=NN(C1(=CC([N+](=O)[O-])=CC=C1))C=C2))C3(=CC=C(N)C=C3),7.03
S1(=O)(=O)(N=CNC2(=C1C=CC=N2)),7.03
OC=2(C1(=[NH+]C=CC(=C1C=CC=2)N(C)C)),7.05
ClC1(C(=O)C(=O)CC1),7.05
O=C1(OCC=2(C1=C(O)C(=NC=2)C)),7.05
ClC1(=CC(=CC=C1)C([N+](=O)[O-])C),7.05
O=C(C(=NO)C[NH+]1(CCCCC1))C,7.05
S(=O)(=O)(NC1(=NN=CC=C1))C2(=CC=C(N)C=C2),7.06
ClC1(=C(O)C(=C(OC)C=C1)C(=O)NCC2([NH+](CCC2)CC)),7.07
OC2(=CC=1(C(=CC=[N+](C=1)C)C=C2)),7.09
O=[N+]([O-])C1(=CC(=C(O)C=C1)C),7.1
O=COO,7.1
[Br]C2(=NC=C(NS(=O)(=O)C1(=CC=C(N)C=C1))C=C2),7.12
S(=O)(=O)(NC1(=NC(OC)=CC(=N1)OC))C2(=CC=C(N)C=C2),7.12
O=C(N)C2(=CC=[N+](COC[N+]1(=C(C=CC=C1)C=NO))C=C2),7.13
OC2(=CC=1(C(=[N+](C=CC=1)C)C=C2)),7.15
S(=O)(=O)(NC1(=CC(C#N)=CC=C1))C2(=CC=CC=C2),7.15
O=[N+]([O-])C1(=C(O)C=CC=C1),7.15
S(=O)(=O)([O-])C=2(C(=NO)C=1(NN=CC=1C(C=2)=O)),7.15
[Br]C([N+](=O)[O-])C,7.17
O=C1(N(NC(=C1CCC)C)C2(CC[NH+](C)CC2)),7.18
O2([N+]1(=C(C=CC=C1)N=C2N)),7.18
OC3(=CC2(=NC=1(C(=CC=C(C=1)C)N=C2C=C3))),7.2
S1(C(=NC2(=C1C=CC=C2))N=NC=4(C=3(C(=NC=CC=3)C(O)=CC=4))),7.2
OC=1(N(N=C(C=1CCCCCCCCC)C2(=CC=CC=C2))C3(=CC=CC=C3)),7.2
O=C(OCC)C(=NO)C(=O)C,7.2
O=C1(C(O)=CC(C(C)C)=CC=C1),7.22
O=C(NCC1([NH+](CCC1)CC))C2(=C(OC)C(=CC(=C2O)CC)CC),7.24
IC([N+](=O)[O-])C,7.24
O=C2(C1(=C(C=C(O)C=C1)C2)),7.24
OC(N1(C=[NH+]C=C1))C2(=CC=NC=C2),7.24
S(=O)(=O)(NC=1(SC=CN=1))C2(=CC=C(N)C=C2),7.25
FC1(=C(O)C(=CC=C1)C[NH+](CC)CC),7.26
O=C1(C(O)=CC(C)=CC=C1),7.26
[O-][N+]3(=C1(NC=NC1=C(NCC2(=CC=CC=C2))N=C3)),7.27
O=C(N)CNCCCNCC(=O)N,7.27
OC=1(N(N=C(C=1CCCCC)C2(=CC=CC=C2))C3(=CC=CC=C3)),7.3
O=C(N)C(N)CO,7.3
S(=O)(=O)(N)C=1(SC(=NC(=O)C)N(N=1)C),7.3
[Br]NC(=O)C1(=CC=CC=C1),7.3
O=C(OO)C1(=CC=CC=C1),7.3
[Br]C2(=C(O)C1(=NC=CC=C1C(=C2)[Br])),7.3
[S+](C1(=CC=C(O)C=C1))(C)C,7.31
S(=O)(=O)(N)C=2(SC(N(C1(=CC=CC=C1))C(=O)C)=NN=2),7.32
O=C(N(C)C)C=C(O)C1(=CC=NC=C1),7.32
OC1(=C(C#N)C=CC=C1),7.32
O=C(N)C1(=CN2(CCC1CC2)),7.32
O=C1(C(O)=CC=C(C=C1)C),7.32
[Br]C6(=CC1(=C(C=5(C=CC=CC=5(C1[P+](C2(=CC=CC=C2))(C3(=CC=CC=C3))C4(=CC=CC=C4))))C=C6)),7.33
O=C(C1(=CC(=C(O)C=C1)C[NH3+]))C2(=CC=C(OCC(=O)OCC)C=C2),7.34
O(C1(=NC(=NC(=C1)C)N2(N=C(C)C=C2O)))CC,7.35
O1(CC=2(C=CC=CC=2(B1O))),7.38
O=CC1(=CC(OC)=C(O)C=C1),7.38
S(=O)(C1(=NC=NN1))CC2(=CC=CC=C2),7.38
O=C(NO)C1(=C(O)C=CC=C1),7.39
O=[N+]([O-])C1(=C(O)C=CC(=C1)OC),7.39
O=[N+]([O-])C(C1(=CC=CC=C1))C,7.39
O=C2(C1(=C(C=CC=C1)C(C2C(C)C)=O)),7.4
O=CC2(C1(=C(C=CC=C1)C3(=C2C=CC=C3))),7.4
S=C(OC)C2(C1(=C(C=CC=C1)C3(=C2C=CC=C3))),7.4
S(=O)(=O)(N)C=1(SC(N(C(=O)C)C)=NN=1),7.4
O=CC1(=CC=CC1),7.4
[Br]C1(=CC(=C(O)C=C1)C=O),7.4
O=[N+]([O-])C1(=C(O)C=CC(=C1)C),7.4
OC=2(C=1(C(=NN=CC=1)C=CC=2)),7.4
S(=O)(=O)(NC1(=CC=CC=C1))C2(=CC=C([N+](=O)[O-])C=C2),7.41
O=C(C(=NO)C(=O)C)C,7.44
OC3(=CC2(=NC=1(C(=CC=CC=1)N=C2C=C3))),7.45
O=CC1(=CC(O)=C(O)C=C1),7.45
OC1(=C([N+](C)(C)C)C=CC=C1),7.46
SC1(=NN=CN1N),7.47
S(=O)(=O)(N)C=1(SC(NC(=O)C)=NN=1),7.48
S(=O)(=O)(NC1(=NC(=NC(=C1)C)C))C2(=CC=C(N)C=C2),7.49
O=[N+]([O-])C(C1(=CC(=CC=C1)C))C,7.49
S=C(NC1(=CC=CC=C1))CC(=O)C,7.5
ClC1(=C(C(O)=CC=C1)C[NH+](CC)CC),7.5
S(=O)(=O)(NC1(=CC=CC=C1))C2(=CC([N+](=O)[O-])=CC=C2),7.5
S1(C(=NC2(=C1C=CC=C2))N=NC=4(C=3(C(=NC=CC=3)C(O)=C(C=4)C))),7.5
OC=1(N(N=C(C=1CCCCCCCC)C2(=CC=CC=C2))C3(=CC=CC=C3)),7.5
FC(F)(F)C1(=NNC(=C1)C(F)(F)F),7.51
ClC2(=C(O)C1(=NC=CC=C1C(=C2)Cl)),7.51
O=C1(C(=NO)C=CC2(=C1C=CC=C2)),7.52
OC2(=CC=1(C(=NN=CC=1)C=C2)),7.52
[Br]C3(=C([Br])C([Br])=C4(C(C1(=CC(=C(O)C=C1)C))(C2(=CC(=C(O)C=C2)C))OS(C4(=C3[Br]))(=O)=O)),7.53
O=CC1(=CC=C(O)C=C1),7.53
S(=O)(=O)(NC1(=CC(F)=CC=C1))C2(=CC=CC=C2),7.54
OC=2(C(C1(=C(O)C=CC=C1))=CC3(=CC=CC=C3(C=2))),7.55
O=C(C1(=CC=C(O)C=C1))C[NH2+]C(C)C,7.56
S(=O)(=O)(NC)C(F)(F)F,7.56
OC2(=CC1(=NN=CC=C1C=C2)),7.56
S1(=O)(=O)(N=C(NC=2(C1=NC=CC=2))C),7.58
[Br]C1(=CC(=C(O)C=C1)C[NH+](C)C),7.58
OC1(=NNC(=C1C)C2(=CC=CC=C2)),7.6
OC=1(N(N=C(C=1CC2(=CC=CC=C2))C3(=CC=CC=C3))C4(=CC=CC=C4)),7.6
[N+](=NC1(=NC=NC2(=C1NC=N2)))=[N-],7.6
O=C1(N(O)C(=O)CCC1),7.6
S(=O)(=O)([O-])C2(=C1(C(NN=C1)=C(O)C=C2)),7.6
S(=O)(=O)([O-])C2(=C1(NN=CC1=C(O)C=C2)),7.6
SC1(=C(C(=O)[O-])C=CC=C1),7.6
O=[N+]([O-])CC1(=C(C=CC=C1)C),7.6
[S+](C1(=C(C=C(O)C=C1)C))(C)C,7.6
S(=O)(=O)(NC1(=CC(=CC=C1)C(F)(F)F))C2(=CC=CC=C2),7.63
O(C1(=NC(=NC(=C1C)C)N2(N=C(C)C=C2O)))C,7.64
S1(N=NC=C1C=NO),7.64
O=C(C=C(O)C)C,7.64
S=C(NC1(=CC=C(C)C=C1))CC(=O)C,7.65
S=C2(N(C(=O)C(C1(=CC=CC=C1))(CC)C(N2)=O)C),7.65
O=C(C=NO)C=NO,7.65
O=[N+]([O-])C1(=C(C=C(O)C=C1)C),7.65
S2(=O)(=O)(C1(=C(C=CC=C1)C(=C2)O)),7.65
O=C(C1(=CC(OC)=C(O)C=C1))C,7.65
[S+](C1(=CC(O)=CC=C1))(C)C,7.67
O=[N+]([O-])C2(=C(OC(=O)C1(=CC=C(O)C=C1))C=CC(=C2)[N+](=O)[O-]),7.68
SCC[NH+](C)C,7.68
S(C1(=NN=C2(N=C(NC2(=N1))C3(=C(OC)C=C(OC)C=C3))))C,7.69
S(=O)(=O)(N)C=1(SC(N)=NN=1),7.69
[Br]C1(=CC(=C(O)C=C1)C[NH+](CC)CC),7.7
OC1(=NNC(=C1CC2(=CC=CC=C2))C3(=CC=CC=C3)),7.7
ClC1(=C(Cl)C=C(O)C=C1Cl),7.7
ClC2(=CC=1(N=NNC=1C=C2)),7.7
OC3(=CC2(=C(N)C=1(C(=CC=CC=1)[NH+]=C2C=C3))),7.71
ClC1(=C(Cl)C=CC=C1O),7.71
SCC[NH+](CC)CC,7.72
O=[N+]([O-])C1(=CC(=C(O)C(=C1)CC)CC),7.73
OC2(=CC=C(N=NC1(=CC=NC=C1))C=C2),7.73
O(C1(=NC=2(N=CN=CC=2(N1))))C,7.73
O=C(N(C)C)CC(=O)C1(=CC=NC=C1),7.75
O=C(C=2(C=1(C(=NC=CC=1)C(O)=CC=2)))C,7.75
S(=O)(=O)(NC1(=CC=C(C(=O)[O-])C=C1))C2(=CC=CC=C2),7.75
ClC1(=NC=NC2(=C1NC=N2)),7.75
S(=O)(=O)([O-])C=2(C=1(NN=CC=1C(=NO)C(C=2)=O)),7.75
ON=CC1(=[N+](C=CC=C1)C),7.75
O=C1(C(O)=CC=C(C=C1)OC),7.75
SCC[NH+](CCCC)CCCC,7.76
O=C2(C(=NO)C1(=C(C=CC=C1)C=C2)),7.77
[Br]C2(=CC=C(NS(=O)(=O)C1(=CC=CC=C1))C=C2),7.78
O=C2(OC1(=C(C=CC(=C1)O)C(=C2)C)),7.8
OC=1(NN=C(C=1CC)C2(=CC=CC=C2)),7.8
OC=1(N(N=C(C=1C)C2(=CC=CC=C2))C3(=CC=CC=C3)),7.8
S(=O)(=O)(N)C=1(SC(NC)=NN=1),7.8
ClC1(=C(O)C=CC(=C1)Cl),7.8
O=NCC(=O)C1(=CN=CC=C1),7.8
S(=O)(=O)(N)C=1(SC=2(C=CC=CC=2(N=1))),7.8
O=CC1(=CC(=CC=C1)B(O)O),7.8
O=[N+]([O-])C1(=C(O)C=CC(=C1)N),7.81
OC2(=CC=C(N=NC=1(C(=NNC=1N)N))C=C2),7.81
O=C1(C3(=C(OC(=C1)C2(=CC=CC=C2))C(O)=CC=C3)),7.82
O=C1(C(O)=COC(=C1)CO),7.82
O=C1(C(C(=O)C)CCC1),7.82
S(=O)(=O)(C1(=CC=C(O)C=C1))C,7.83
SCC[NH2+]CCC1(=CC=CC=C1),7.85
S(=O)(=O)(NC1(=CC=C(S(=O)(=O)N)C=C1))C2(=CC=C(N)C=C2),7.85
ClC1(=C(O)C(=CC(=C1)Cl)C),7.85
S=C1(SSC(=C1)C2(=CC=C(O)C=C2)),7.86
O=C(N(O)C1(=CC=CC=C1))C2(=CC=CC=C2),7.87
S(=O)(=O)(NC1(=CN=CC=C1))C2(=CC=C(N)C=C2),7.89
O=C(C1(=CC=C(O)C=C1))C[NH2+]C(C)(C)C,7.9
ClC(=NO)C(=O)C,7.9
ClCC(=O)C=NO,7.9
O=C(N(C)C)C1(=NC=NC2(=C1NC=N2)),7.9
IC2(=C(O)C1(=NC=CC=C1C(=C2)Cl)),7.9
ClC2(=CC=C(NS(=O)(=O)C1(=CC=CC=C1))C=C2),7.91
O=CC1(=C(O)C(OC)=CC=C1),7.91
FC(F)(F)C(F)(F)C(=O)NN,7.92
SCC[NH2+]CCC,7.92
O=[N+]([O-])C1(=CC=C(C(=O)N(O)C)C=C1),7.92
O=C1(C(O)=C(C=CC=C1)C),7.92
S(=O)(=O)(NC1(=CC(OC)=CC=C1))C2(=CC=CC=C2),7.95
OC2(=CC=1(C(=CN=NC=1)C=C2)),7.95
SC1(=NN=C(N1N)C),7.97
S1(C(=NC(=C1)C)N=NC2(=C(O)C=CC(=C2)OC)),7.98
SCC[N+](C)(C)C,7.98
O=C1(NC(=O)C(C(C)(C)C)C(N1)=O),7.98
O=[N+]([O-])C=CC1(=CC=C(O)C=C1),7.98
OC=1(NN=C(C=1CCC)C2(=CC=CC=C2)),8
ClC1(=CC=C(C(=O)NC(=S)N(CC)CC)C=C1),8
OC=1(N(N=C(C=1CC)C2(=CC=CC=C2))C3(=CC=CC=C3)),8
OC=1(N(N=C(C=1CCCCCCC)C2(=CC=CC=C2))C3(=CC=CC=C3)),8
O=C(N)C(N)C(C)C,8
S(=O)(=O)([O-])C1(=CC(O)=C2(NN=CC2(=C1))),8
S(SC=1(C(=O)NC(=O)NC=1))C=2(C(=O)NC(=O)NC=2),8
O=C1(C(O)=C(OC)C=CC=C1),8
IC2(=C(O)C1(=NC=CC=C1C(=C2)I)),8
O=C(C1(=CC=C(O)C=C1))C2(=CC=CC=C2),8.01
[Br]C1(=CC([Br])=CC(=C1)O),8.01
[S+](C1(=C(C=CC(=C1)O)C))(C)C,8.01
SCC[NH2+]C,8.02
FC(F)(F)C(F)(F)C(F)(F)C(=O)NN,8.02
O=[N+]([O-])C1(=CC=C(C(=O)NO)C=C1),8.02
ClC1(=CC(=C(O)C=C1)C[NH+](C)C),8.02
O=C(NC)C1(=C(O)C=CC=C1),8.03
O=C1(C=C(C(=NO)C(=C1)C)C),8.04
O=C(N)CN,8.05
SCC(=O)NN,8.05
SCC(=O)NC,8.05
OC=1(C=NC2(=CC=CC=C2(C=1))),8.06
ClC1(=CC(Cl)=CC(=C1)O),8.07
O=[N+]([O-])C1(=CC(C(=O)NO)=CC=C1),8.07
OC1(=CC([N+](C)(C)C)=CC=C1),8.07
SCC[NH+](C(C)C)C(C)C,8.08
O=CC1(=C(O)C(=NC=C1C)C),8.08
ClC1(=C(O)C(=CC(=C1)Cl)CCCC),8.1
OC1(=C(O)C=CC=C1C[N+](C)(C)C),8.1
O=C2(C=CC(=NC1(=CC=C(O)C=C1))C=C2),8.1
O=C(OO)CC,8.1
SCC(=O)N(C)C,8.1
S(=O)(=O)([O-])C1(=CC(O)=C2(C=NNC2(=C1))),8.1
ClC1(=C(O)C(=CC(=C1)Cl)CCC),8.1
ClC1(=CC(=C(O)C=C1)C[NH+](CC)CC),8.11
[N+]12(=C(C=CC=C1)C[N+]=3(C=CC=CC=3(C2))),8.12
FC1(=CC(=C(O)C=C1)C[NH+](C)C),8.12
S=C(N(CC)CC)NC(=O)C1(=CC=C(F)C=C1),8.13
O=C(NCCC[NH+](CC=C)CC=C)C=NO,8.14
SCC(=O)NCC,8.14
O=C1(NC(=O)C2(C1NC(=O)C2)),8.15
S=C1(NC(=S)C(N1)C2(=CC=CC=C2)),8.15
IC1(=NC(CC([NH3+])C(=O)[O-])=C(N1)I),8.18
O=C(OO)C,8.19
OC2(=CC=1(C(=NC=NC=1)C=C2)),8.19
OC1(=C(C=CC(=C1)[N+](C)(C)C)C),8.2
OC1(=CC([N+](C)(C)C)=CC(=C1)C),8.2
S(=O)(=O)(NC1(=NC=CC=C1))C2(=CC=CC=C2),8.2
OC=1(NN=C(C=1CCCC)C2(=CC=CC=C2)),8.2
[Br]NC(=O)CC,8.2
O=C(OO)CCC,8.2
S(C(=N)C1(=CC=CC=C1))CCCC,8.21
S=C(N(CC)CC)NC(=O)C1(=CC(F)=CC=C1),8.21
OC1(=CC(=C(C#N)C(=C1)C)C),8.21
S(=O)(=O)(NC1(=CC=CC=C1))C2(=CC=CC=C2),8.22
SCC(=O)N,8.22
OC2(=C(N=NC=1(C(=NNC=1N)N))C=CC=C2),8.22
ClC(=NO)C=NO,8.24
O=[N+]([O-])C([N+](=O)[O-])C(C)(C)C,8.24
O=C(OC)CC(=O)C1(=CC=NC=C1),8.24
S(=O)(=O)(N)C=1(SC=CN=1),8.25
O=C1(OC(=O)C=2(C=CC=CC=2(N1))),8.25
OC=2(C1(=NN=CC=C1C=CC=2)),8.25
OC1(=CC=C([N+](C)(C)C)C=C1),8.25
O=C2(OC1(=C(C(O)=CC=C1)C(=C2)C)),8.26
FC1(F)(OC(F)(C(F)(F)C(=O)NN)C(C1(F)F)(F)F),8.26
O=C1(C3(=C(OC(=C1)C2(=CC=C(O)C=C2))C=CC=C3)),8.27
ON=CC1(=CC=[N+](C)C=C1),8.27
S1(SC(=O)C=C1C2(=CC=C(O)C=C2)),8.27
OC1(=CC([N+](C)(C)C)=C(C)C=C1),8.28
O=C(NC1(=CC(=CC=C1)C[NH+](C)C))C=NO,8.28
S(=O)(C1(=CC=C(O)C=C1))C,8.28
ClC1(=CC(=C(O)C=C1)C[NH+]2(CCCC2)),8.3
FC3(=CC1(=C(OCCC12(NC(=O)NC2=O))C=C3)),8.3
O=C2(OC1(=C(C=CC=C1)C(=C2CC3(C(=O)OC=4(C=CC=CC=4(C3=O))))[O-])),8.3
O=C(NCCC[N+](CCC[N+](C)(C)C)(C)C)C=NO,8.31
O=C(OCC1(=CC=CC=C1))C2(=CC=C(O)C=C2),8.31
O=[N+]([O-])C1(=CC(O)=CC=C1),8.31
ON=NC(C1(=CC=CC=C1))C,8.32
S(=O)(=O)(NCC[NH+](C)C)C=2(C=1(C(=C(N(C)C)C=CC=1)C=CC=2)),8.33
OC=2(C1(=NC=CC=C1C=NC=2)),8.33
OC1(=CC(=C([N+](C)(C)C)C=C1)C),8.34
O=C(OCCCC)C1(=CC=C(O)C=C1),8.34
O=C(OC)C1(=CC=C(O)C=C1),8.34
O=C(N)CNC,8.35
S(=O)(=O)(N)C=1(SC=C(N=1)C),8.35
S=C(N(CC)CC)NC(=O)C1(=CC(=CC=C1)C),8.36
O=C(N(O)C1(=CC=CC=C1))C,8.36
O=C(C=NO)CC,8.37
O=C(NC1(=NN=NN1CC))C,8.38
OC2(=CC=C(C=CC1(=[N+](C=CC=C1)C))C=C2),8.4
OC=1(NN=C(C=1CCCCC)C2(=CC=CC=C2)),8.4
SCC[NH3+],8.4
O=C1(NC(=NO)C(=O)C=C1),8.4
[Br]C1(=C(O)C=CC=C1),8.4
ClC1(=C(O)C=CC=C1),8.4
OC=2(C=1(C(=CC=NC=1)C=CC=2)),8.4
ClCC1(=NC=2(C(O)=CC=C(C=2(N1C))O)),8.4
S(C1(=NC=NC2(=C1NC=N2)))CC=3(OC=CC=3),8.42
O=C(NC1(=CC=C(C[NH+](C)C)C=C1))C=NO,8.43
OC2(=CC1(=C3(C(=NC=C1C=C2)C=CC=C3))),8.43
OC=2(C1(=NC=CC(=C1C=CC=2)C)),8.44
S=C(N(CC)CC)NC(=O)C1(=CC=CC=C1),8.45
O5(C1(=C(C=C2(CC[N+]3(C(C2(=C1))CC=4(C=CC(=C(C=4(C3))OC)O))(C)))OC5)),8.45
OC=2(C=1(C(=CN=CC=1)C=CC=2)),8.45
S(=O)(=O)(NC1(=NC=C(N)C=C1))C2(=CC=C(N)C=C2),8.47
OC2(=C1(C(NC=C1CC[NH+](C)C)=CC=C2)),8.47
S(=O)(=O)(NC1(=CC(=CC=C1)C))C2(=CC=CC=C2),8.48
O=C(NCCC[NH+](CC=C)C)C=NO,8.48
O=[N+]([O-])C2(=CC=1(C(=C(O)C=CC=1)C=C2)),8.49
S(=O)(C3(=CC(OC)=C(C1(=NC=2(C=NN=CC=2(N1))))C=C3))C,8.49
O2(C(C(O)=CC1(=CC=CC=C1))=CC=C2),8.5
OC=2(C1(=NC=CC=C1C3(=NC=CC=C3(C=2)))),8.5
S(=O)(=O)(NC2(=CC=C(C=1(SC=C(N=1)C))C=C2))C3(=CC=C(N)C=C3),8.5
O=C(N(O)C)C1(=CC=C(C)C=C1),8.5
S(=O)(=O)(NC1(=NC=CC=C1))C2(=CC=C(N)C=C2),8.51
O=[N+]([O-])C1(=C(C=CC=C1)B(O)O),8.52
OC=2(C=1(C(=NC=CC=1)C=CC=2)),8.54
ClC1(=C(Cl)C(OCC(=O)OCC)=CC=C1OC2(=CC(=C(O)C=C2)C[NH3+])),8.55
OC1(=CC(=CC=C1)B(O)O),8.55
O=[N+]([O-])CCC1(=CC=CC=C1),8.55
ClC=1(C([N+](=O)[O-])=CC2(=CC(O)=CC=C2(C=1))),8.56
S(C#N)C1(=CC=C(O)C=C1),8.57
SC=1(N=CC2(=CC=CC=C2(C=1))),8.58
S1(C(=NC=C1)NP(=O)(OC)C2(=CC=C([N+](=O)[O-])C=C2)),8.6
[S+](CC(=O)C1(=CC=CC=C1))(C)C,8.6
OC=1(NN=C(C=1CCCCCC)C2(=CC=CC=C2)),8.6
O=C(NO)C1(=NC=CC=C1),8.6
S(=O)(=O)([O-])C=2(C(=NO)C1(=C(NN=C1)C(C=2)=O)),8.6
O=C1(C(=NO)C=C2(C(O)CN(C2(=C1))C)),8.6
O=C(NCCC[NH2+]C)C=NO,8.61
O=C(N)C1(=C(O)C=CC=C1),8.61
[Br]C1(=C(O)C=CC(=C1)OC),8.62
SCC[NH+](CCC)CCC,8.62
ClC2(=CC=1(S(=O)(=O)N=C(C)NC=1C=C2)),8.62
O=C(OC1(=CC=CC=C1))C2(=C(O)C=CC=C2C),8.63
S(=O)(=O)(N)C1(=CC=C([N+](=O)[O-])C=C1),8.63
OC1(=CC(C#N)=CC=C1),8.63
OC3(=C1(C(C=2(C=CC=CC1=2))=CC=C3)),8.64
O=C1(N(C(=O)C=2(N(C)C=NC=2(N1)))C),8.65
OC=2(C1(=NC=NC=C1C=CC=2)),8.65
S(=O)(=O)(C1(=NC=CN1))CC2(=CC=CC=C2),8.67
[Br]C6(=CC=C([P+](C1(=CC=CC=C1))(C2(=CC=CC=C2))C4(C3(=C(C=CC=C3)C5(=C4C=CC=C5))))C=C6),8.67
OC3(=CC=2(C(=C1(C(C=CC=C1)=NC=2))C=C3)),8.68
O=C(NCCC[NH+](C)C)C=NO,8.68
O=[N+]([O-])C1(=C(OC)C=CC(=C1)O),8.68
O=C(N(CCC[NH+](C)C)C)C=NO,8.68
OC=1(C=2(C(C=NC=1)=CC=CC=2)),8.68
O=C(C1(=CC=CC=C1))CC(=O)C,8.69
ClC=2(C=1(C(=CC=C(C=1)O)C=CC=2)),8.69
S1(C(=NC=C1)NP(=O)(OCC(F)(F)F)C2(=CC=C(N)C=C2)),8.7
S1(C(=NC=C1)NP(=O)(OCC)C2(=CC=C([N+](=O)[O-])C=C2)),8.7
O=[N+]([O-])C2(=CC=C(C(=O)CC(=O)NC1(=CC=CC=C1))C=C2),8.7
O=C(NCC1([NH+](CCC1)CC))C2(=C(O)C(=CC=C2OC)CC),8.7
S=C1(NC(=O)C(N1)C(C)C),8.7
O=C1(N(O)C(C)(C)CC1),8.7
OC1([N+](CC(C1)(C)C)(C)C),8.7
OC1(=C(C=CC=C1)C[N+](C)(C)C),8.71
S=C1(NC(=O)C(N1)(C)C),8.71
O=C(NCCC[NH+](CCCC(C)C)C)C=NO,8.72
O1(C(=NC(=C1O)CC2(=CC=CC=C2))C3(=CC=CC=C3)),8.72
O=C(NCCC[NH+](CC)C)C=NO,8.72
ClC1(=C(Cl)C(=CC=C1OCC(=O)OCC)CC2(=CC(=C(O)C=C2)C[NH3+])),8.73
O=C(N(O)C)C,8.73
S(C1(=NC=NC2(=C1NC=N2)))C,8.74
OC1(=C(C=CC=C1)CC[NH+](C)C),8.75
OC1(=CC=C(C[N+](C)(C)C)C=C1),8.75
S(=O)(C1(=CC(O)=CC=C1))C,8.75
O=C(NCCC[NH+](CC)CC)C=NO,8.75
OC=2(C1(=NC=NC(=C1C=CC=2)C)),8.75
S=C(N(CC)CC)NC(=O)C1(=CC=C(C)C=C1),8.77
O=CNO,8.77
O1(N=C2(C(=NO)CCCC2(=N1))),8.78
OC2(=CC1(=NC=C3(C=CC=CC3(=C1C=C2)))),8.79
S=C1(NC(=O)C2(N1)(CCCCC2)),8.79
S=C2(NC(=O)N(C1(OC(CO)C(C1)O))C=C2C),8.8
O=C2(C(=CC(=NC1(=CC=C(O)C=C1))C(=C2)C)C(C)C),8.8
ON=C(C#[N+][O-])C,8.8
O=CC1(=NC=NC2(=C1NC=N2)),8.8
O=[N+]([O-])C2(=C1(C(=O)NC(C1=CC=C2)=O)),8.8
O=[N+]([O-])C2(=CC=1(C(=CC=C(C=1)O)C=C2)),8.81
FC1(=CC(=C(O)C=C1)C[NH+]2(CCCCC2)),8.81
OC3(=CC=1(C(=NC2(=CC=CC=C2(C=1)))C=C3)),8.81
OB(O)C1(=CC(N)=CC=C1),8.81
O=C(NCCCC[NH+](C)C)C=NO,8.81
OC=2(C1(=NC=NC(=C1C=CC=2)CCC)),8.82
O=C(N)C1(NCCC1),8.82
OC2(=CC=1(C(=NC=CC=1)C=C2)),8.82
S=C(N(CC)CC)NC(=O)C1(=CC=C(OCC)C=C1),8.83
S(=O)(=O)(N)C1(=CC(C#N)=CC=C1),8.84
O=C(C1(=CC=CC1))C,8.84
O=C1(C3(=C(OC(=C1)C2(=C(O)C=CC=C2))C=CC=C3)),8.85
O=C(CC(=O)C)C,8.85
O=C1(NC(=O)CC1NC(=O)C),8.85
O=C1(N(O)C(C)(C)C(C1)C),8.85
OC2(=CC1(=NC=CC=C1C=C2)),8.85
O=C(C(=NO)C1(=CC=CC=C1))C,8.85
O=CC1(=CC(O)=CC=C1),8.86
O=C(OC)C(=NO)C1(=CC=CC=C1),8.87
S(=O)(=O)(NC1(=CC=C(OC)C=C1))C2(=CC=CC=C2),8.88
SCC1(=NC=CN1C),8.88
OC1(=CC(=CC=C1)C[NH+](C)C),8.88
O=C(NCCCCC[NH+](C)C)C=NO,8.88
OC2(=CC=1(C(=CC=NC=1)C=C2)),8.88
S(=O)(=O)(NC1(=CC=CC=C1))C2(=CC=C(N)C=C2),8.89
[N+]3(=CC=C(C1(=NC=2(C=CC=CC=2(N1))))C=C3)(C),8.89
O=CC1(=CC(O)=C(OC)C=C1),8.89
S1(C(=NN=C1C2(=CC=CC=C2))NC(=O)C),8.9
[S+](CC(=O)C1(=CC=C(C)C=C1))(C)C,8.9
O=C2(C(=CC(=NC1(=CC=C(O)C=C1))C=C2C)C),8.9
O=C(N)C1(NCCCC1),8.9
O=C(C=NO)C=C(C)C,8.9
N1(=NC=2(C=C(C)C=CC=2(N1))),8.9
O=C(NO)C1(=CC=C(C)C=C1),8.9
O=C(NO)C1(=C(OC)C=CC=C1),8.9
O(C1(=C(O)C=CC(=C1)C=NC3(=NC=2(NC=NC=2C=N3))))C,8.91
O=[N+]([O-])C2(=CC=C(NC(=O)CC(=O)C1(=CC=CC=C1))C=C2),8.91
O=C(C2(=CC=[N+](CC1(=CC=C(C)C=C1))C=C2))CC3(=CC=CC=C3),8.91
S(C2(=NC=1(N=CNC=1C=N2)))C,8.91
N2(=C1(N=CNC1=CN=C2)),8.92
O=[N+]([O-])C1(=C([N+](=O)[O-])C=C2(NC=NC2(=C1))),8.92
O=C(NCCCCCC[NH+](C)C)C=NO,8.93
O1(C(=NC(=C1O)C)C2(=CC=CC=C2)),8.94
S(=O)(C3(=CC(OC)=C(C1(=NC=2(N=CC=NC=2(N1))))C=C3))C,8.94
ClC1(=C(Cl)C=CC(=C1)S(=O)(=O)N),8.94
O=[N+]([O-])C(CC([N+](=O)[O-])C)(C)C,8.95
ClC1(=CC(O)=CC=C1),8.96
O=C(NCCCCCCCC[NH+](C)C)C=NO,8.97
O=C(NCCCCCCC[NH+](C)C)C=NO,8.98
S(=O)(=O)(N)C1(=CC(=CC=C1)C(F)(F)F),8.98
O=C(C1(=NNC(=C1)C(=O)C))C,8.98
O=[N+]([O-])C1(=C(C(O)=C(C)C=C1C)C),8.98
O=C(OC)CC(=O)C1(=CN=CC=C1),8.98
O=C(NCCCCCCCCC[NH+](C)C)C=NO,8.99
[Br]C1(=CC(O)=CC=C1),8.99
O=C1(N(C=CC=C1O)CC),8.99
O=C(C1(=CC(O)=CC=C1))C2(=CC=CC=C2),9
O=C(C1(=CC=CC=C1))C2(=NNC(=C2)C(=O)C),9.01
O=[N+]([O-])C2(=CC=C(C1(=CC=C(O)C=C1))C=C2),9.01
O=[N+]([O-])C3(=CC1(=C(C=2(C=CC(=CC=2(C1))O))C=C3)),9.01
O=C(NCCCCCCCCCC[NH+](C)C)C=NO,9.02
IC1(=CC(O)=CC=C1),9.02
O=C1(NC(=O)C(N1)CC2(=CC=CC=C2)),9.03
O=C(N)C1(N2(CCC(C1)CC2)),9.04
S(=O)(=O)(NC1(=CC=C(N)C=C1))C2(=CC=CC=C2),9.05
O=C(N(O)C1(=CC=CC=C1))CCCCCCCCCCCCC,9.05
O=[N+]([O-])C=CC1(=CC(O)=CC=C1),9.05
O=C(OCC)C1(=CC(O)=CC=C1),9.05
O2(C1(=C(O)C=CC5(=C1C34(C2C(O)C=CC3C(N(C)CC4)C5O)))),9.06
O=[N+]([O-])C(CO)CO,9.07
O=C(CC(=O)C)CC(C)C,9.07
ClC2(=CC=1(C(=CC=C(C=1)O)C=C2)),9.09
[Br]C1(=C(OC)C=CC(=C1)O),9.09
OC2(=CC(=C(N=NC1(=C(C=C(C)C=C1C)C))C(=C2)C)C),9.1
O=C(NN=CC1(=NC=NC2(=C1NC=N2)))N,9.1
O=C(N(C3(=CC=C(N=NC2(=CC=1(OCCOCCOCCOCCOCCOC=1C=C2)))C=C3))CCCC)C4(=CC=C(O)C=C4),9.12
O=C1(NC(=O)CN1),9.12
O=C(N)C1(=C(O)C=C(N)C=C1),9.12
O=C(C1(=CC(O)=CC=C1))C,9.12
O=C(NCCN)C1(=CC=CC=C1),9.13
O=C2(OC1(=C(C=C(O)C=C1)C(=C2)C)),9.14
O=C(C1(=CC=CC=C1))C2(=NNC(=C2)C(=O)CC),9.14
O=C1(C(=O)CCC1),9.14
FC1(F)(C(F)(F)C(F)(F)C(F)(C(=O)NN)C(C1(F)F)(F)F),9.14
S(=O)(=O)(NC2(=CC=C(C1(=C(C(=NC(=C1C(=O)OCC)C)C)C(=O)OCC))C=C2))C3(=CC=C(N)C=C3),9.15
O=C([N+]1(=CC=C(N)C=C1))C,9.15
O=C(OC)[N+]1(=CC=C(N)C=C1),9.15
OC2(=CC=1(C(=CN=CC=1)C=C2)),9.15
O=C(C(=NO)C)CO,9.16
O(C1(=NC=NC2(=C1NC=N2)))C,9.16
OC1(=C(C=CC=C1)C=NC3(=NC=2(NC=NC=2C=N3))),9.19
O=C1(NC(=O)C(N1)(C)C),9.19
S(=O)(=O)(N)C1(=CC([N+](=O)[O-])=CC=C1),9.19
O=C(NO)CCCCCCC,9.19
S1(C(=NC=C1)NP(=O)(OC)C2(=CC=C(N)C=C2)),9.2
[Br]C2(=CC=1(C(=CC(O)=CC=1)C=C2)),9.2
S(=O)(=O)(NC2(=CC(C=1(SC=C(N=1)C))=CC=C2))C3(=CC=C(N)C=C3),9.2
OC=1(NN=C(C=1CCCCCCC)C2(=CC=CC=C2)),9.2
O=C(C1(=CC=CC=C1))C(=NNC2(=C(C(=O)C)C=CC=C2))C(=O)C3(=CC=CC=C3),9.2
O=C(CC(=O)C)CCCCC,9.2
N2(=C(C=1(NC=NC=1N=C2))C),9.21
S2(C1(=C(C=CC(=C1)O)N=C2)),9.21
OC2(=C(N=C(C1(=C(O)C=CC=C1))C)C=CC=C2),9.23
OB(O)C1(=C(N)C=CC=C1),9.23
OC1(=CC(=CC=C1)CC[NH+](C)C),9.24
S=C(OCCCC)NC(=O)C,9.25
S=C2(N(C1(CCCCC1)(C(N2)=O))C),9.25
O=C(C1(=CC=CC=C1))C(=NO)C,9.25
OC3(=C2(NC1(=C(C=CC=C1)N(C2=CC=C3)C))),9.26
[Br]C2(=CC(C(=S)NC1(=CC(Cl)=C(Cl)C=C1))=CC=C2),9.26
O=[N+]([O-])C3(=CC=2(C(=O)C(=C1(NC=CC=C1))C(C=2C=C3)=O)),9.26
O=C1(NC=NC2(=C1C=NN2C)),9.26
O=C1(N(C(=O)C=2(C=NNC=2(N1C)))C),9.26
O=C(NO)CC1(=CC=CC=C1),9.26
OC2(=CC1(=C3(C(=CC=C1C=C2)C=CC=C3))),9.28
OC1(=C(O)C=CC=C1C),9.28
O(C1(=C(O)C(O)=CC=C1))C,9.28
[Br]C1(=CC=C(O)C=C1),9.29
ClC1(=CC=C(O)C=C1),9.29
FC(F)(F)C(=NO)C1(=CC(N(C)C)=CC=C1),9.3
O=C(C1(=C(O)C=CC=C1))C2(=CC=CC=C2),9.3
O=C(C(=NO)C)C,9.3
O=C(NO)C1(C(C(=O)NO)C2(CCC1O2)),9.3
O=C1(N(C=CC(N1)=O)C2(OC(CO)C(C2)O)),9.3
OC=2(C1(=NC=CC=C1C(O)=CC=2)),9.3
ClC2(=CC=1(C(=CC(O)=CC=1)C=C2)),9.31
O=C(C(C1(=CC=CC=C1))C(=O)C)C,9.32
IC1(=CC=C(O)C=C1),9.32
O(C1(=CC=C(B(O)O)C=C1))C,9.32
SCCC(=O)OC,9.33
S=C(OCCC)NC(=O)C,9.34
S(=O)(=O)(N)C1(=CC=C(F)C=C1),9.34
O=C(OCC)C1(=CC=C(O)C=C1),9.34
OC=1(C(N)=CC2(=CC=CC=C2(C=1))),9.35
OC2(=CC=1(NN=CC=1C=C2)),9.35
O=C(CC(=O)C)CC,9.36
N2(=C1(N=C(C)NC1=CN=C2)),9.37
OC3(=CC2(=C(C1(=CC=CC=C1))C=CC=C2C=C3)),9.38
O=C1(NC=NC2(=C1C=NN2)),9.38
O=C(C(=NO)CC)C,9.38
O=C(NC1(=CC(O)=CC=C1))C,9.38
S(=O)(=O)(N)C1(=CC(OC)=CC=C1),9.39
O=[N+]([O-])CCO,9.4
ON=C(N)C1(=NC=NC2(=C1NC=N2)),9.4
OC1(=C(C(N=[N+]=[N-])=NCC)C=CC=C1),9.4
OC2(=CC=1(C(=CC=CC=1C)C=C2)),9.42
OC1(=CC(=CC=C1)CC[N+](C)(C)C),9.43
S(=O)(=O)(NC1(=NC(N)=CC=N1))C2(=CC=C(N)C=C2),9.44
OC=1(C=2(C(C=CC=1)=CC=CC=2)),9.44
O=C(OC1(=CC=CC=C1))C2(=C(O)C=C(C)C=C2),9.44
O=[N+]([O-])C4(=CC=C(C(=O)C[N+]=3(C=2(C(=C1(C(C=CC=C1)=CC=2))C=CC=3)))C=C4),9.45
S(=O)(=O)([O-])C1(=C(O)C=CC2(=C1NN=C2)),9.45
OC1(=CC=C(CC[NH+](C)C)C=C1),9.46
O=C(NO)CC,9.46
O=C(N)C=C(O)C,9.46
O=C(C(C)C)CC(=O)C,9.46
OC2(=CC=1(NC=3(C(=NC=CC=3(C=1C=C2))C))),9.47
OC2(=CC=C(C1(=CC=CC=C1))C=C2),9.47
SCCO,9.47
O=C(NO)CCC,9.48
O=C(OC)C=C(O)C,9.48
S(C=1(N=C(O)C(N=1)(C)C))C,9.48
S(=O)(=O)(NCCC(=[NH2+])N)C1(=CC=C(C)C=C1),9.49
O=C(NO)CCCCCCCCC(=O)N,9.49
O=C([O-])C1(=NC(=C(O)C=C1)C),9.49
O=[N+]([O-])C1(=NNC=C1N),9.5
SCCNC(=O)C,9.5
OC1(=C(N=CC=C1)N),9.5
ClC1(=CC=C(S(=O)(=O)N)C=C1),9.5
S(C1(=CC=C(O)C=C1))C,9.5
SCCNC1(=CC=CC=C1),9.5
S(C1(=NC=NN1))CC2(=CC=CC=C2),9.5
OC3(=CC1(=C(C=2(C=CC=CC=2(C1)))C=C3)),9.51
ClC1(=C(Cl)C=CC(=C1)NC(=S)C2(=CC=C(Cl)C=C2)),9.51
O(C1(=CC(O)=CC=C1))C,9.51
S(=O)(=O)(N)C1(=CC(=CC=C1)C),9.51
OC2(=CC=1(C(=CC=C(C=1)C)C=C2)),9.52
ONC=1(C=2(C([N+]([O-])=CC=1)=CC=CC=2)),9.52
O=C1(NC(=O)C2(C1CCC2)),9.53
OC2(=CC=1(C(=CC=CC=1CC)C=C2)),9.54
O=[N+]([O-])C2(=CC(NC(=O)CC(=O)C1(=CC=CC=C1))=CC=C2),9.54
O=[N+]([O-])C2(=C(NC(=O)CC(=O)C1(=CC=CC=C1))C=CC=C2),9.54
O=C(NC1(=CC=CC=C1))CC(=O)C2(=CC=CC=C2),9.54
SCC=1(N=CNC=1),9.54
N2(=C1(NN=CC1=CN=C2)),9.54
O2(CC1(=NNC(=N1)COCCOCCOCCOCC2)),9.55
[P+](C1(=CC(=CC=C1)C))(C2(=CC(=CC=C2)C))(C3(=CC(=CC=C3)C))C5(C4(=C(C=CC=C4)C6(=C5C=CC=C6))),9.55
O=C([N+]1(=CC=C(N(C)C)C=C1))C,9.55
N2(=C1(N=C(NC)NC1=CN=C2)),9.56
O=C(NO)CCCCC,9.58
OC1(=CC=C(CC[NH2+]C(C)C)C=C1),9.59
OC2(=CC(C1(=CC=CC=C1))=CC=C2),9.59
O=C(NO)C(C)(C)C,9.59
OC2(=CC=1(C(=CC=CC=1)C=C2)),9.6
O=C1(N(C(=O)C(N1)=CC2(=CC=CC=C2))C),9.6
O=C1(C(=O)CCC1C),9.6
ClC1(=CC(=C(O)C=C1)C),9.6
ClC1(=C(C=C(O)C=C1C)CC),9.6
O=C(NO)CCCCCC,9.62
S(=O)(=O)(N)C1(=CC(=C(C)C=C1)C),9.62
O=C1(NC(=O)C2(C1CC2)),9.63
OC1(=CC(=CC=C1)CCC[N+](C)(C)C),9.64
[P+](C1(=CC=C(C)C=C1))(C2(=CC=C(C)C=C2))(C3(=CC=C(C)C=C3))C5(C4(=C(C=CC=C4)C6(=C5C=CC=C6))),9.64
O=C(OCC)C(=NO)C,9.64
S1(C(=[N+](C)C=C1)N),9.65
S(C1(=NC=NC2(=C1C=NN2)))C,9.65
S(=O)(=O)([O-])C2(=C1(NN=CC1=CC(=C2)O)),9.65
OC1(=C(C=CC=C1CO)CO),9.66
O=C(OC=2(C1(=C(O)C=CC=C1C=CC=2)))C,9.69
O=C(C(C(=O)C)CC1(=CC=C(C#N)C=C1))C,9.69
O=C(C1(=NNC(=C1)C(=O)CC))C(C)(C)C,9.7
S1(C(=NC=C1)NP(=O)(OC2(=CC=CC=C2))C3(=CC=C(N)C=C3)),9.7
S(=O)(=O)(NC2(=CC(C1(=C(C(=NC(=C1C(=O)OCC)C)C)C(=O)OCC))=CC=C2))C3(=CC=C(N)C=C3),9.7
O=C1(NC([O-])=NC2(=C1NC(C)=N2)),9.7
S(=O)(=O)(N)C1(=CC=CC=C1),9.7
O(C1(=C(O)C=CC=C1))C,9.7
OC1(=C(N)C=CC=C1),9.71
O=C1(NC(=O)C2(C1CCCC2)),9.72
S(=O)(=O)(NC1(=NC=CN1))C2(=CC=C(N)C=C2),9.72
O=[N+]([O-])C=1(C(=NNC=1)N),9.73
O=[N+]([O-])C(CC([N+](=O)[O-])CC)(C)C,9.73
N2(=C1(N=C(N(C)C)NC1=CN=C2)),9.73
OB(O)C1(=C(C=CC=C1)C),9.74
O=C(N)C1(C2(CCN(C1)CC2)),9.74
OC=2(C1(=NC=C(C)C=C1C=CC=2)),9.75
O=[N+]([O-])C=1(N=C(C)NC=1),9.75
OC2(=C1(N=C(C)N(C1=C(O)C=C2)C)),9.75
N=1(N=C(CC)N(C=1CC)N),9.77
OC=2(C1(=NC=CC=C1C=CC=2)),9.77
OC1(=C(C=CC=C1)CCC[N+](C)(C)C),9.78
O(C1(=C(O)C=CC(=C1)CO))C,9.79
OC1(=CC=C(CC[N+](C)(C)C)C=C1),9.8
OC1(=CC=C(CCC[N+](C)(C)C)C=C1),9.8
[N+]=2(C=1(C(=CC(N)=CC=1)C=C3(C=2C=CC=C3)))(C),9.8
OC=2(C1(=NC=CC=C1C=CC=2C(C=C)CC(C)(C)C)),9.8
O(C1(=C(OC)C=C2(CC3(C=4(C=C(O)C(=CC=4(CC(C2(=C1))N3(C)))OC)))))C,9.8
ClC(=NO)C1(=CC=CC=C1),9.8
O=C(CC(=O)CC)CC,9.82
OC1(=CC=C(CO)C=C1),9.82
ONC1(=NC=NC2(=C1NC=N2)),9.83
OC1(=CC(=CC=C1)CO),9.83
O=C1(N(C(=O)C=2(C(C)=NNC=2(N1C)))C),9.83
SC1(=NC2(=CC3(=CC=CC=C3(C=C2(N1))))),9.84
O=[N+]([O-])C4(=CC(OC(=O)C2(C1(=C(C=CC=C1)C3(=C2C=CC=C3))))=CC=C4),9.84
OC1(=CC(=CC=C1)C(O)CNC),9.84
ClC1(=CC(=C(O)C=C1)CN2(CCOCC2)),9.85
O(C1(=C(OC)C=C2(CC3(C=4(C(O)=C(OC)C=CC=4(CC(C2(=C1))N3(C)))))))C,9.85
N=1(N=C(C)N(C=1C)N),9.85
OC1(=CC(N)=CC=C1),9.85
OC2(=CC=1(N=CN(C=1C=C2)C)),9.85
S(=O)(=O)(N)C(C(=O)N)C,9.86
O=C(C(C)C)CC(=O)C(C)C,9.86
OC=3(C=1(C(=CC2(=CC=CC=C2(C=1)))C=CC=3)),9.88
FC1(=CC=C(O)C=C1),9.88
S(=O)(=O)(N)C1(=CC=C(C)C=C1),9.89
S(=O)(=O)(N)C=2(C=1(C(=C(N(C)C)C=CC=1)C=CC=2)),9.9
O=[N+]([O-])C4(=CC=C(OC(=O)C2(C1(=C(C=CC=C1)C3(=C2C=CC=C3))))C=C4),9.9
OC1(=C(C(=CC=C1)C(O)C)CO),9.9
O=C1(NC(=O)C2(=C1C=CC=C2)),9.91
OC1(=CC=C(C=C)C=C1),9.91
O(C3(=C(C1(=NC=2(N=CN=CC=2(N1))))C=CC(=C3)OC))C,9.92
S(=O)(=O)(N)C(C(=O)N)(C)C,9.92
O=C2(N(C=1(N=CN(C=1C(N2)=O)C))C),9.92
OC1(=C(C=CC=C1)CO),9.92
OC=2(C1(=NC=CC=C1C(C)=CC=2)),9.93
N1(=C(N=CC2(=C1N=CN2))N),9.93
S(=O)(=O)(N)C1(=CC=C(OC)C=C1),9.93
O=C(N(O)C)C(C)(C)C,9.94
O=C(C(C)(C)C)CC(=O)C,9.94
O=C(NC1(=NC=NC2(=C1NC=N2)))N,9.95
ClC1(=C(Cl)C=CC(=C1)NC(=S)C2(=CC=CC=C2)),9.96
OC1(=CC=CC=C1),9.97
ClC1(=C(C=C(O)C(=C1)C(C)C)C),9.98
OC2(=C(C1(=CC=CC=C1))C=CC=C2),9.99
O(C1(=C(O)C=CC(=C1)CC=C))C,10
O=C(NC1(=CC(=CC=C1)C))CC(=O)C,10
OC1(=C(C(=CN=C1)C2(CCCCC2))C),10
[N+]=2(C=1(C(=C(N)C=CC=1)C=C3(C=2C=CC=C3)))(C),10
O=[N+]([O-])C1(=C(C=C(N)C=C1)B(O)O),10
N2(=C(C=1(NC=NC=1N=C2))C(=NN)N),10
ON=CC1(=NC(=CC=C1)C),10
O(C1(=CC(N)=C(O)C=C1))C,10
ON=C2(C1(=NC=CC=C1C(=NO)C=C2)),10
[Br]C2(=CC(C(=S)NC1(=CC(F)=CC=C1))=CC=C2),10.01
OC2(=CC=1(N=CNC=1C=C2)),10.01
OC1(=C(C=CC=C1C)C[NH+](CC)CC),10.02
S(=O)(=O)(N)C1(=CC=C(NC(=O)C)C=C1),10.02
OC=2(C1(=NC=CC=C1C=CC=2C(C=C)CC(CC(C)(C)C)(C)C)),10.03
O=[N+]([O-])C1(=CC=C(C=NO)C=C1),10.03
N2(=C(NC)C=1(NC=NC=1N=C2)),10.04
OC=2(C1(=NC=C(C)C(=C1C=CC=2)C)),10.05
OC1(=CC=C(N)C=C1),10.06
OC=2(C1(=NC=CC=C1C=CC=2CC=C)),10.07
S(=O)(=O)(NCC1(=CC=CC=C1))C2(=CC=C([N+](=O)[O-])C=C2),10.07
O=[N+]([O-])C2(=CC1(=C(CC(=O)CC1)C=C2)),10.09
O(C1(=C(O)C(OC)=CC=C1))C,10.09
O=C(N(O)C(C)(C)C)C1(=CC=CC=C1),10.1
N3(=C(NCCC1(=CC=CC=C1))C=2(NC=NC=2N=C3)),10.1
[Br]C2(=CC(C(=S)NC1(=CC=C(Cl)C=C1))=CC=C2),10.1
O5(C4(=C2(C1(=C(O)C(OC)=CC=C1CC3(C2=C(CCN3C)C=C4OC5))))),10.1
S(=O)(=O)(N)C1(=C(C=CC=C1)CN),10.11
S=CNC1(=CC=C([N+](=O)[O-])C=C1),10.11
OC=1(C=2(C(C(N)=CC=1C)=CC=CC=2)),10.12
ClC1(=C(Cl)C=CC(=C1)NC(=S)C2(=CC=C(OC)C=C2)),10.14
ON=CC1(=NC=CC=C1),10.14
S(=O)(=O)(N)C1(=CC(=CC=C1)CN),10.14
N2(=C(N)C=1(NN=CC=1N=C2)),10.15
S(=O)(=O)(N)C1(=CC=C(CN)C=C1),10.15
OC1(=C(C=C(C)C=C1)CO),10.15
O(C1(=CC(=C(O)C=C1)C))C,10.16
OC1(=CC=C(N(C)C)C=C1),10.16
O=[N+]([O-])C1(=CC(=CC=C1)C=CC=NO),10.16
OC=2(C1(=NC(=C(C)C=C1C=CC=2)C)),10.2
N3(=C(NC1(CCCCC1))C=2(NC=NC=2N=C3)),10.2
SC(C(N1(C(=NC(=C1)C(=O)[O-])CC=CCC))C(=O)[O-])(C)C,10.2
O=C(N)C(C1(=NC=CC=C1))(C2(=CC=CC=C2))CCN(C(C)C)C(C)C,10.2
[S-]C1(=NC(=NC(=N1)N)N),10.2
S(C1(=NC(N)=C2(NC=NC2(=N1))))C,10.2
O=C1(NC(=O)C2(=C1C=C(C(C)(C)C)C=C2)),10.21
S=C(NC1(=C(C=CC=C1)C))C2(=CC=CC=C2),10.21
O=C1(C(C(=O)C)CCCC1),10.21
OC1(=CC=C(C)C=C1),10.22
OC1(=C(C=CC=C1)C),10.22
N1(=C(N=CC2(=C1N=CN2))N(C)C),10.22
O(C1(=CC=C(O)C=C1))CCCCC,10.23
O=C([O-])C=NO,10.23
[Se](O)C1(=C([N+](=O)[O-])C=C(Cl)C=C1),10.23
OC1(=CC(N=CN(C)C)=CC=C1),10.23
O(C1(=CC=C(O)C=C1))CCC,10.23
[Br]C2(=CC=C(NC(=S)C1(=CC=C(Cl)C=C1))C=C2),10.24
S=C1(NC=2(C=CC=CC=2(N1))),10.24
O(C1(=CC=C(O)C=C1))C,10.24
O(C1(=C(C=C(O)C=C1)C))C,10.24
ClC2(=CC=C(NC(=S)C1(=CC=C(Cl)C=C1))C=C2),10.25
S(=O)(=O)(NCC1(=CC=CC=C1))C2(=CC=C(S(=O)(=O)C)C=C2),10.25
S=C1(OC(C=C)CN1),10.25
O=C(C1(=C[N+](=CC=C1)C))CC2(=CC=CC=C2),10.265
OC1(=CC=C(C(C)(C)C)C=C1),10.27
O2(CCN(CC1(=C(O)C=CC=C1))CC2),10.27
S=C(NC1(=CC(F)=CC=C1))C2(=CC=CC=C2),10.29
OC2(=CC1(=C(CCC1)C=C2)),10.29
OC=2(C=1(C(=C(N)C=CC=1)C=CC=2)),10.3
OC4(=CC(=C(N=NC3(=CC1(=C(C=2(C=CC=CC=2(C1)))C=C3)))C=C4)C),10.3
O=C1(C(=O)CCCC1),10.3
S=CNC1(=CC([N+](=O)[O-])=CC=C1),10.3
OC1(=CC(=C(C(C)C)C=C1)C),10.31
[Br]C2(=CC(C(=S)NC1(=CC=C(F)C=C1))=CC=C2),10.32
ClC4(=CC=C(OC(=O)C2(C1(=C(C=CC=C1)C3(=C2C=CC=C3))))C=C4),10.32
OC2(=CC1(=C(CCCC1)C=C2)),10.33
O2(C(O)=C(CC1(=CC=CC=C1))N=C2C),10.34
OC1(=C(C=CC(=C1)C(C)C)C),10.35
OC1(=C(C=CC(=C1)C)C),10.36
S2(C1(=NC=NC(=C1NC(C2)=O)N3(CCOCC3))),10.37
O=C(C1(=C(O)C=CC=C1))C,10.37
OC1(=C(N)C=C(N)C=C1),10.4
OC1(=C(N)C=C(C)C(=C1)C),10.4
ClC2(=CC=C(C(=S)NC1(=CC=C(F)C=C1))C=C2),10.41
ON=CC=1(C=2(C(N=CC=1)=CC=CC=2)),10.42
[Br]C2(=CC=C(NC(=S)C1(=CC=CC=C1))C=C2),10.42
OC(=CC(=C)C)C,10.42
O=C1(N(C(=NC2(=C1NC=N2))N)C),10.43
O=[N+]([O-])C=2(C=1(C(=C[N+](CCCO)=CC=1)C=CC=2)),10.45
OC1(=C2(C(=CC=C1)CCCC2)),10.46
[Se](O)C1(=C([N+](=O)[O-])C=CC=C1),10.47
O(C1(=C(O)C=CC(=C1)CN))C,10.47
O=[N+]([O-])C,10.48
[Br]C2(=CC(C(=S)NC1(=CC=CC=C1))=CC=C2),10.49
O=C1(NC(=O)C=2(C1=C(C=CC=2)C)),10.49
O=C2(C(=NNC1(=C(C(=O)C)C=CC=C1))C(=O)CC(C2)(C)C),10.5
ON=CC1(=NC=CC=C1C),10.5
N2(=C(N(C)C)C=1(NC=NC=1N=C2)),10.5
OC=1(N(N=C(C=1CC=C)C)C),10.5
O=C([O-])C=CC([O-])=CC(=O)CC(=O)[O-],10.5
S(C(=O)C2(C1(=C(C=CC=C1)C3(=C2C=CC=C3))))C,10.51
OC1(=C(C(=CC=C1)C)C),10.51
O=C(N)C1(=CC=NC=C1),10.52
[P+](C2(C1(=C(C=CC=C1)C3(=C2C=CC=C3))))(CCCC)(CCCC)CCCC,10.53
ClC1(=CC=C(C=NO)C=C1),10.54
OC1(=CC=C(N=CN(C)C)C=C1),10.54
N2(=C(NC)C1(=C(NN=C1)N=C2)),10.55
S(=O)(=O)([O-])C1(=C(O)C=CC2(=C1C=NN2)),10.55
OC1(=C(C=C(C(C)C)C=C1)C),10.56
SCCC,10.56
OC1(=C(C=C(C)C=C1)C),10.56
OC(O)(C1(=[N+](C=CC=C1)C))C,10.57
O=C1(N(C(NOC)=CC(N1C)=O)C),10.58
O=[N+]([O-])C2(=CC=1(N=CNC=1C=C2)),10.58
OC=2(C1(=NC(=CC(=C1C=CC=2)C)C)),10.6
OC1(=NNC(=C1CCCCCCCCC)C2(=CC=CC=C2)),10.6
[N+]=24(C(=C1(NC=3(C=CC=CC=3(C1=CC=2))))C=C5(CCCCC5(=C4))),10.6
O=C(OC)CC(=O)C,10.6
S(=O)(=O)(N)C1(=CC=C(N)C=C1),10.6
OC1(=C(C=CC=C1C)C),10.6
OC1(=C(O)C=CC(=C1)CCNC),10.61
OC2(=C(C1(=NC=CC=C1))C=CC=C2),10.63
S=C(NC1(=CC(F)=CC=C1))C2(=CC=C(C)C=C2),10.63
OC1(=C(C(=CC(=C1)C)C)C),10.64
O=C(OCC)CC(=O)C,10.66
ONC1(=CC=CC=C1),10.68
O=C(C1(=C(C=C(C)C=C1C)C))C,10.69
OC1(=C(C=CC=C1)CC(C)(C)C),10.69
O=C(OC)C1(C(O)CCC3(C1CC=4(C=2(NC=5(C=CC=CC=5(C=2C=C[N+]=4(C3))))))),10.69
ON=C(NO)CC,10.7
ON=C(NO)C1(=CC=CC=C1),10.7
ON=C(NO)CC1(=CC=CC=C1),10.7
OC1(=CC=C(CC(C)(C)C)C=C1),10.71
O=C([O-])C=CC(C1(=C(O)C=CC=C1))(C)C,10.71
[Br]C2(=CC=C(S(=O)(=O)NCC1(=CC=CC=C1))C=C2),10.71
[Se](O)C1(=C([N+](=O)[O-])C=C(C)C=C1),10.71
[Se](O)C1(=C([N+](=O)[O-])C=C(OC)C=C1),10.71
S=C(NC1(=CC=CC=C1))NC(=S)C2(=CC=CC=C2),10.72
OC1(=C(C=C(C)C=C1)C(C)C),10.73
O=C(OCC)CC(=O)C1(=CC=C(C)C=C1),10.73
OB(O)CCCC,10.74
ON=C(NO)C,10.75
S=C(NC1(=CC=C([N+](=O)[O-])C=C1))N,10.75
OC1(=C(C=C(C)C(=C1)C(C)C)C),10.76
OC1(=C(C=C(C(C)C)C=C1)CC),10.77
S=C(NC1(=CC=C(F)C=C1))C2(=CC=CC=C2),10.77
N1(=C(N=C2(N=CNC2(=C1N)))N),10.77
SCCCC,10.78
S=CNC1(=CC(=CC=C1)C(F)(F)F),10.78
OC1(=C(C=C(C)C(=C1)C)C(C)C),10.79
N1(=C(N=C2(N=C(NC2(=C1N))N))N),10.79
O=C(C(C(=O)C)C)C,10.79
ClC2(=CC=C(NC(=S)C1(=CC=C(C)C=C1))C=C2),10.8
S=C1(N(C(=O)C(N1)(C)C)C),10.8
ClC1(=CC=C(NC=S)C=C1),10.8
ClC1(=CC(NC=S)=CC=C1),10.8
[Br]C2(=CC=C(NC(=S)C1(=CC=C(C)C=C1))C=C2),10.81
S=C(NC1(=CC=C(C)C=C1))C2(=CC=CC=C2),10.81
S=CNC1(=CC(C(=O)OC)=CC=C1),10.81
OC1(=C(C=CC=C1)CN(CC)CC),10.82
OC1(=C(C=CC=C1)CN2(CCCC2)),10.83
OC=2(C1(=NC=CC=C1C(N)=CC=2N)),10.83
OC1(=C(C=CC=C1)C2(NCCNCCCNCCNCC2)),10.84
N2(=C(N)C1(=C(NN=C1)N=C2)),10.84
OC1(=CC(=CC=C1)B(O)[O-]),10.84
OC1(=C(C(=C(C(C)C)C=C1)C)CC),10.85
ClC2(=CC=C(NC(=S)C1(=CC=CC=C1))C=C2),10.85
O=[N+]([O-])C2(=CC=C(C(=NO)C1(=CC=CC=C1))C=C2),10.85
O(C1(=C(OC)C=CC(=C1)C=NO))C,10.85
OC(=CC(=C)C)C=C(C)C,10.85
O(C1(=CC(=C(O)C=C1)CN(CC)CC))C,10.86
O=[N+]([O-])C1(=CC=C(CC(C#N)C#N)C=C1),10.87
S=C(NC1(=CC=CC=C1))C2(=C(C=CC=C2)C),10.87
OC3(=C2(NC1(=C(C=CC=C1)NC2=CC=C3))),10.88
S(=O)(=O)(NCC=1(OC=CC=1))C2(=CC=C(N)C=C2),10.89
[Br]C2(=CC(C(=S)NC1(=CC=C(C)C=C1))=CC=C2),10.89
S=C(N)C(=S)N,10.89
O(C1(=C(C=CC=C1)C=NO))C,10.89
OC=1(N(N=C(C=1)C2(=CC=CC=C2))C),10.9
OC=1(N(N=C(C=1C2(=CC=CC=C2))C)C),10.9
OC=1(N(N=C(C=1CC2(=CC=CC=C2))C)C),10.9
O=[N+]([O-])C2(=CC=C(C(C#N)C1(=CC=CC=C1))C=C2),10.9
O(C1(=C(C(OC)=CC=C1)C2(=NC=3(C=NC=CC=3(N2)))))C,10.9
S=C1(SC(C=C(N1)C)(C)C),10.9
N2(=C(NCC)C1(=C(NN=C1)N=C2)),10.9
OC1(=C(C=C(C)C=C1C)C),10.9
O=C([O-])C1(=C(O)C=CC=2(C1=CC=CC=2)),10.92
N3(=C(NCC1(=CC=CC=C1))C2(=C(NN=C2)N=C3)),10.93
ClC2(=CC=C(NC(=S)C1(=CC=C(OC)C=C1))C=C2),10.93
S1(C(=NC2(=C1C=CC=C2))NC(C3(=NC=CC=C3))C5(=C(O)C4(=NC=CC=C4C=C5))),10.94
[S-]C1(=NC=NC2(=C1NC=N2)),10.94
ON=CC1(=CC=C(C)C=C1),10.94
P(=O)(CC=O)(CC)CC,10.95
S=CNC1(=CC=C(C(=O)OC)C=C1),10.95
N#CC1(=CC=C(CC(C#N)C#N)C=C1),10.96
S=C(NC1(=CC=C(F)C=C1))C2(=CC=C(C)C=C2),10.97
OC(=CC(=C)C(C)(C)C)C,10.97
O(C1(=CC=C(C=NO)C=C1))C,10.98
N2(=C(NC(C)C)C1(=C(NN=C1)N=C2)),10.99
[O-][N+]2(=C(N)C=1(N(C=NC=1N=C2)CC3(=CC=CC=C3))),11
OC=1(NN=C(C=1CCCCCCCCCC)C2(=CC=CC=C2)),11
N2(=C(N(C)C)C1(=C(NN=C1)N=C2)),11
OC1(=C(N=CN(C)C)C=CC=C1),11.02
S=C1(OCCN1),11.05
O(C1(=C(O)C(=CC=C1)CN))C,11.06
ClC1(=CC=C(NC(=S)C)C=C1),11.06
OC1(=C(C=CC=C1)C=NC3(=CC=C(C2(=CC=C(N)C=C2))C=C3)),11.07
N2(=C1(N=CNC1=CC=C2)),11.08
OC1(=C(C=CC=C1C)CN(C)C),11.1
O=C([O-])C=CC1(=CC(=C(O)C(=C1)C(C)(C)C)C(C)(C)C),11.1
S=C(NC1(=CC([N+](=O)[O-])=CC=C1))N,11.1
N2(=C(N)C1(=C(NN=C1C)N=C2)),11.11
O=C1(C=CNC=C1),11.12
O=C(C1(=CC=CC=C1))C(C(=O)C)C,11.13
SC(C)(C)C,11.14
OC1(=C(C=C(C)C=C1C)C(C)C),11.18
[Br]CC(OC1(=CC=CC=C1))(O)C2(=CC=CC=C2),11.18
S=C(NC1(=CC=CC=C1))C2(=CC=C(N(C)C)C=C2),11.18
N#CCC#N,11.19
O=C2(C(C(O)CC1(CC(=O)NC(C1)=O))CC(C)CC2C),11.2
O=C1(NC(=O)CC(C1)CC(O)CC(=O)C(C=C(C=C)C)C),11.2
N3(=CC(C1(=NC=2(C=CC=CC=2(N1))))=CC=C3),11.21
N2(=C(NCCCC)C1(=C(NN=C1)N=C2)),11.21
O=C1(NC(=O)CC(N1)C2(=CC=CC=C2)),11.22
OC1(=C(C=C(C)C=C1)CN(C)C),11.22
[Br]CC(OC1(=CC=C(C)C=C1))(O)C2(=CC=CC=C2),11.23
O=C1(C(=O)CCCC1C),11.23
S=C1(N(C(=O)C2(N1)(CCCCC2))C),11.23
O=C(C2(=CC=C(C1(=CC=CC=C1))C=C2))C[N+]=5(C=4(C(=C3(C(C=CC=C3)=CC=4))C=CC=5)),11.25
O=C2(N(C=1(N=CNC=1CN2C))C),11.25
S=CNC1(=CC=C(F)C=C1),11.25
O(C1(=C(C(OC)=CC=C1)C2(=NC=3(N=CC=CC=3(N2)))))C,11.26
S=C(NC1(=CC=CC=C1))C2(=CC=C(OC)C=C2),11.27
N2(=C(NC)C1(=C(NN=C1)N=C2C)),11.27
OC=1(N(N=C(C=1C)C)C2(=CC=CC=C2)),11.3
ON=C(C1(=CC=CC=C1))C2(=CC=CC=C2),11.3
FCC(=O)NN,11.3
S=C2(NC(=O)C(C1(C=CCCC1))C([N-]2)=O),11.31
O=C(C(C(=O)C)CC)C,11.33
ClC1(=C([N+](=O)[O-])C=C2(CC(=O)CCC2(=C1))),11.34
ON=C(N)C(=NO)N,11.34
ON=CC1(=CC=C(N(C)C)C=C1),11.34
O=C(C1(=CC=CC=C1))C[N+]=4(C=3(C(=C2(C(C=CC=C2)=CC=3))C=CC=4)),11.35
O(C(=NO)C)CC,11.37
OC=1(NN=C(C=1C2(=CC=CC=C2))C),11.4
S(=O)(=O)(NC(C(=O)[O-])CC(=O)N)C1(=CC=C(C)C=C1),11.4
OC=1(N(N=C2(C=1CCCC2))C3(=CC=CC=C3)),11.4
OC=1(N(N=C(C=1CCC)C)C2(=CC=CC=C2)),11.4
OC1(=C(C=CC=C1)CN(C(C)C)C(C)C),11.4
O=C1(N(CC(N1)=O)C),11.4
S(C1(=NC(NC)=C2(C=NNC2(=N1))))C,11.4
S(=O)(=O)(NCC(=O)[O-])C1(=CC=CC=C1),11.4
OC=1(NN=C(C=1)C2(=CC=CC=C2)),11.4
S=C1(N=C([O-])C(C(CCC)C)C(N1)=O),11.41
O=C([O-])C(=NO)C,11.43
O=[N+]([O-])C1(=C(C=CC(=C1)C#N)CC#N),11.43
ClC2(=CC=1(N=C(CO)NC=1C=C2)),11.46
O=C(C1(=CC=CC=C1))C([N+]2(=CC=CC=C2))C,11.465
OC1(=C(C=C(C(C)(C)C)C=C1)CN(C)C),11.48
OC1(=C(C=C(CC(C)(C)C)C=C1)CN(C)C),11.48
O(C1(=CC(=C(O)C=C1)CN(C)C))CC2(=CC=CC=C2),11.48
ClC1(=CC=C(CC(C#N)C#N)C=C1),11.49
OC=1(N(N=C(C=1CC)C)C2(=CC=CC=C2)),11.5
S=C(NC1(=CC=CC=C1))C2(=CC=C(C)C=C2),11.5
O=C([O-])C(=CC1(=CC(=C(O)C(=C1)C(C)(C)C)C(C)(C)C))C,11.5
O=C(NN)C1(=CN=CC=C1),11.5
OCC1(=NC=2(C=C(C)C=CC=2(N1))),11.5
O=C(OC)C2(C1(=C(C=CC=C1)C3(=C2C=CC=C3))),11.52
O=C2(NC=1(N=CNC=1CN2)),11.52
S=C(OC(C)C)NCC,11.52
S=CNC1(=CC(=CC=C1)C),11.55
O=C(C1(=C(O)C=C(C)C(=C1)C))C,11.56
S=C(OC(C)C)NC,11.56
OC=1(N(N=C(C=1C(C)C)C)C2(=CC=CC=C2)),11.6
OC=1(N(N=C(C=1C2(CCCCC2))C)C3(=CC=CC=C3)),11.6
[S-]C1(=NC(=NC2(=C1NC=N2))N),11.6
OC1(=C([O-])N=CN=C1),11.61
OC1(=NC2(=CC3(=CC=CC=C3(C=C2(N1))))),11.62
S=CNC1(=CC=C(C)C=C1),11.64
O=[N+]([O-])C2(=CC=C(C(=O)C1(=NNC=C1))C=C2),11.68
O=C(C1(=CC=C(C)C=C1))C[N+]=4(C=3(C(=C2(C(C=CC=C2)=CC=3))C=CC=4)),11.7
O(C1(=C(C=CN=C1)C(O)O))C,11.7
S=CNC1(=CC=C(OC)C=C1),11.74
N=1(N=CN(C=1)N),11.75
O=[N+]([O-])C2(=CC1(=C(CCC(C1)=O)C=C2)),11.76
S=CNC1(=CC(N(C)C)=CC=C1),11.78
S(=O)(=O)(NC(C(=O)[O-])CCC(=O)N)C1(=CC=C(C)C=C1),11.8
OC(C1(=CC=NC=C1))(C2(=CC=NC=C2))C3(=CC=NC=C3),11.8
O(O)CC,11.8
O=C(C(C(=O)C)C)C(C)C,11.8
O=C(OCC)C(C(=O)C)CC1(=CC=CC=C1),11.81
ClC=CC1(=CC(=C(O)C(=C1)C(C)(C)C)C(C)(C)C),11.82
O=C(NN)C1(=NC=CC=C1),11.84
S=C(N)C1(=CC=C([N+](=O)[O-])C=C1),11.84
S=C(NC1(=CC=C(OC)C=C1))C2(=CC=C(OC)C=C2),11.85
O=C(C1(=NNC=C1))C,11.85
O=C1(N(CCC(N1)=O)C),11.86
O=C(OCC)C(C(=O)C)CC1(=CC(=CC=C1)C),11.87
O=C(OCC)C(C(=O)C)CC1(=CC=C(C)C=C1),11.88
S(=O)(=O)(NCCC(=N)NC)C1(=CC=C(C)C=C1),11.9
OC=1(N(N=C(C=1C2(=CC=CC=C2))C)C3(=CC=CC=C3)),11.9
O=C1(NC=2(C=CC=CC=2(C1=O))),11.9
O=C1(C(C(=O)OCC)CCCC1),11.9
P(=O)(CC(=O)C)(CC)CC,11.94
OC1(=C(C(=C)C)CCC(C1)C),11.95
S=C(NC1(=CC=C(OC)C=C1))C,11.96
O=C(C1(=CC=CC=C1))C2(=NNC=C2),11.97
[Br]C=1(C=2(C(C=[N+](C=1)CCCO)=CC=CC=2)),11.99
ClC1(=CC(NC(=S)N)=CC=C1),12
O=C(C1(=CC=C(C)C=C1))C2(=NNC=C2),12.02
S(=O)(C3(=CC(OC)=C(C1(=NC=2(NN=CC=2(N1))))C=C3))C,12.02
N3(=C(C1(=NC=2(C=CC=CC=2(N1))))C=CC=C3),12.05
OCC1(=NC=2(C=CC=CC=2(N1))),12.09
O(O)C(C)C,12.1
[O-]C1(=NC=NC2(=C1NC=N2)),12.1
S=C(NC1(=CC(C(=O)C)=CC=C1))N,12.1
O=C(N)C1(=NC=CC=C1),12.12
S(C(O)(O)C)CC,12.13
O=C(NN)COC,12.14
S=C(NCC1(=CC=CC=C1))C2(=CC=CC=C2),12.16
P(=O)(CCC)(CCC)CCC,12.16
O=C([O-])C2(=C(N1(N=C(O)C(=C1C)CC))C=CC=C2),12.2
OC=1(N(N=C(C=1)C2(=CC=CC=C2))C3(=CC=CC=C3)),12.2
OC(O)C1(=CC=NC=C1),12.2
OC1(=NC=2(C=C3(CCCCC3(=CC=2(N1))))),12.21
O=C(C1(=CC=[N+](C)C=C1))C2(=CC=CC=C2),12.25
ClC2(=CC1(=C(CCC(C1)=O)C=C2)),12.3
OC2(=NN(C1(=CC=CC=C1))C(=C2CC)C),12.3
O=C(N)C3(=CC(OC)=C(C1(=NC2(=NN(C)C=C2(N1))))C=C3),12.3
O=C(OCC)C2(=C(N1(N=C(O)C=C1C))C=CC=C2),12.3
N=2(C1(=C(N)C=CC=C1NC=2C)),12.3
S=CNCC1(=CC=CC=C1),12.3
FC(F)(F)C1(=NNC(=C1)C),12.33
IC2(=CC1(=C(CC(=O)CC1)C=C2)),12.36
O=C(OCC)C2(=C(N1(N=C(O)C(=C1C)CC))C=CC=C2),12.4
O=C(N1(CCCCC1))C3(=C(N2(N=C(O)C=C2C))C=CC=C3),12.4
O([N+]1(=C(N)C=CC=C1))C,12.4
O=C1(C=CCC(C1)(C)C),12.4
OC(O)C1(=CC=CC=C1),12.43
O=C(NN)C1(=CC=CC=C1),12.45
O=C(NN)C1(=CC(N)=CC=C1),12.45
[Br]C1(=CC=C(C(=S)N)C=C1),12.46
O=C([O-])C3(=C(N1(N=C(O)C=C1C2(=CC=CC=C2)))C=CC=C3),12.5
ClC2(=CC1(=C(CC(=O)CC1)C=C2)),12.51
N=3(C=1(C(=CC2(=CC=CC=C2(C=1)))NC=3)),12.52
P(=O)(NC1(CCCCC1))(CCCCCCC)CCCCCCC,12.53
N=3(C2(=C(C=1(C(=CC=CC=1)C=C2))NC=3)),12.54
O=[N+]([O-])C3(=CC1(=C(NC2(=C1CCN=C2C))C=C3)),12.55
O=C([O-])C=2(C1(=NC=CC=C1C(N)=CC=2)),12.58
N1(=C(NC=C1C2(=CC=CC=C2))C3(=CC=CC=C3)),12.6
N=2(C1(=C(C=CC=C1)NC=2)),12.63
S=C(N=NC2(=CC=1(C(=CC=CC=1)C=C2)))NNC4(=CC=3(C(=CC=CC=3)C=C4)),12.68
[Br]C=1(C=NNC=1),12.69
O=C(OCC)C(C(=O)C)CC,12.74
N1(=C(NC=2(C1=CC3(=CC=CC=C3(C=2))))N),12.8
O(O)C(C)(C)C,12.8
S=CNCC(C)C,12.8
O(O)C(CC(C)C)CC,12.8
O=C(NN)C1(=C(N)C=CC=C1),12.8
N=2(C1(=C(C=CC=C1)NC=2CN)),12.8
P(=O)(CCCCCCC)(CCCCCCC)CCCCCCC,12.81
OCO,12.83
OC(C1(=NC=CC=C1))C2(=CC=CC=C2),12.85
N=3(C=1(C(=CC2(=CC=CC=C2(C=1)))NC=3CC)),12.9
OC2(=NN(C1(=CC=CC=C1))C(=C2)C3(=CC=CC=C3)),12.9
O(C1(=C(N=CC=C1)C(O)O))C,12.95
S(C1(=NC=2(C=C3(CCCCC3(=CC=2(N1))))))C,13
S=C(NCC1(=CC=CC=C1))C,13
O=C(NCO)C1(=CC=CC=C1),13.05
[Br]C=1(C=2(C(C=[N+](C=1)CCO)=CC=CC=2)),13.08
O=C([O-])CCC1(=NC=2(C=CC=CC=2(N1))),13.1
O=C(OCC)CC1(=NC=2(C=CC=CC=2(N1))),13.1
OC(C1(=NC=CC=C1))(C2(=NC=CC=C2))C3(=CC=NC=C3),13.13
[Br-].O=C(N)C1(=C[N+](=CC=C1)CCC#N),13.16
ClC(Cl)CO,13.18
OCC#C,13.28
O=C([O-])CCC(=O)C=C=CC1(=CC=CC=C1),13.3
[Br-].O=C(N)C1(=CC=[N+](CCC#N)C=C1),13.3
S(C1(=CC=CC=C1))C2(NC(=O)C2),13.33
S(C1(=CC=C(C)C=C1))C2(NC(=O)C2),13.45
O=[N+]([O-])C1(=C(N)C=CC=C1),13.45
N=2(C(C1(=CC=CC=C1))=CNC=2),13.48
OCC(=[N+]([O-])[O-])CO,13.5
[O-]C1(=[N+](C(N)=CC=N1)C),13.5
N=1(NC=C(C=1)C2(=CC=CC=C2)),13.64
P(=O)(C1(CCCCC1))(C2(CCCCC2))C3(CCCCC3),13.74
O=C1(N(N=C(C1=CC3(=C(O)N(C2(=CC=CC=C2))N=C3C))C)C4(=CC=CC=C4)),13.8
O=C([O-])C(CC1(=CC=CC=C1))CC(=O)C=C=CC,13.9
O=[N+]([O-])C1(=CC=C(NC(=O)N)C=C1),14
OCCO,14.04
N=1(NC=CC=1),14.18
S(C(O)C)CCOC,14.21
N=1(NC=2(C=C(N)C=CC=2(C=1))),14.3
ClCCO,14.37
N1(=CNC=C1),14.47
N2(=C(C=1(NC=3(C=CC=CC=3(C=1C=C2))))C),14.5
O(C3(=CC1(=C(NC2(=C1C=CN=C2C))C=C3)))C,14.56
ClC(Cl)(Cl)C(O)NC(=O)C(C)(C)C,14.65
N=1(C=3(C(N=C2(C=1C=C(N(C)C)C=C2))=CC(C)=C(C=3)N)),14.68
O(CCO)C,14.88
N2(=C(C=1(NC=3(C=CC=CC=3(C=1CC2))))C),14.9
N=1(NC(C)=CC=1C),15
O(C2(=CC=1(NC=3(C(=NCCC=3(C=1C=C2))C))))C,15.34
[Br]C,15.4
OC,15.52
OCCCC,15.58
O(C2(=CC=1(NC=3(C(NCCC=3(C=1C=C2))C))))C,15.6
OCC1(=NC=2(C=CC=CC=2(N1C))),15.84
N2(C(C=1(NC=3(C=CC(=CC=3(C=1CC2))N)))C),16
OC(C)C,16.14
N1(C=CC=C1),16.5
O=CC,16.76
OC(C)(C)C,17.03
[Br]C1(=CC=C(C(=O)C)C=C1),18.04
N1(=C(N)C=CN=C1),18.4
N1(=C(N=CC=C1)N),20.5
